Plot	SubPlot	TreeFieldNum	Genus	Species	SpeciesLong	Bark	Dawkins	DBH	SLA	LDMC	LT	LA	CC
1	1	117	Symphonia	sp.1	S sp.1	S	2A	16.552114081557132	114.323	0.3292	293.6	12.2506	72.6632
1	1	231	Symphonia	globulifera	S globulifera	G	3A	26.260565610162757	93.015	0.3176	393	41.3342	75.148
1	1	252	Symphonia	globulifera	S globulifera	G	4A	42.971834634811785	76.5244	0.3454	425.4	26.066	87.5818
1	1	255	Symphonia	globulifera	S globulifera	G	5A	73.52958370845572	100.2144	0.3116	360	48.6794	71.5268
1	1	267	Symphonia	sp.1	S sp.1	S	2B	26.578875496346548	113.517	0.328	288	13.99025	79.72025
1	1	290	Symphonia	sp.1	S sp.1	SG	5B	35.4915523094927	70.05	0.4042	417.2	10.7	83.90859999999999
1	1	479	Symphonia	globulifera	S globulifera	G	4B	27.852115041081714	106.7574	0.3232	328	35.767	79.0252
1	1	519	Eschweilera	sagotiana	E sagotiana	NA	3C	27.374650211806024	61.8236	0.4752	365.2	85.95	98.1292
1	1	596	Eschweilera	coriacea	E coriacea	NA	2B	12.254930618075953	89.1798	0.4016	292.4	83.108	116.6378
1	1	613	Eschweilera	coriacea	E coriacea	NA	3A	24.828171122335696	111.743	0.4702	199.8	105.612	63.1582
1	1	616	Symphonia	globulifera	S globulifera	G	5A	55.26655398866071	83.5466	0.3668	378.6	38.5182	81.0758
1	1	619	Symphonia	globulifera	S globulifera	G	5A	43.926764293363156	80.2688	0.3684	393	29.94	88.1476
1	1	623	Symphonia	globulifera	S globulifera	G	4A	49.81549718776329	92.9494	0.3194	386.4	33.225	65.7176
1	1	625	Symphonia	globulifera	S globulifera	G	3A	22.60000191904916	122.5976	0.2572	303.2	43.6446	43.7776
1	1	628	Symphonia	globulifera	S globulifera	G	4A	42.335214862444204	74.2698	0.33740000000000003	450	24.46	81.154
1	1	631	Symphonia	globulifera	S globulifera	G	2A	17.188733853924713	128.03719999999998	0.2978	306.6	46.9566	52.726
1	1	653	Symphonia	globulifera	S globulifera	G	1B	18.621128341751774	107.4642	0.3326	316.8	47.1244	71.42
1	1	658	Symphonia	globulifera	S globulifera	G	5B	60.31972343182839	82.07339999999999	0.323	426.4	29.04	79.1864
1	1	724	Eschweilera	coriacea	E coriacea	NA	2A	33.900002878573744	67.5266	0.5048	299.6	86.594	74.34779999999999
1	1	880	Symphonia	sp.1	S sp.1	G	5B	37.40141162659544	75.5466	0.352	434.2	17.24	72.66720000000001
1	1	887	Symphonia	globulifera	S globulifera	G	5B	45.67746866737401	76.2576	0.3484	427.6	29.58	82.8828
1	1	889	Eschweilera	wachenheimii	E wachenheimii	NA	4A	19.257748114119355	115.135	0.4854	194.8	23.008	60.4302
1	1	890	Eschweilera	wachenheimii	E wachenheimii	NA	2A	10.981691073340789	114.5516	0.4652	198.2	35.396	60.3312
1	1	895	Eschweilera	coriacea	E coriacea	NA	2B	18.501762134432852	87.1658	0.4884	213	62.018	54.844
1	1	982	Eschweilera	wachenheimii	E wachenheimii	NA	3A	25.46479089470328	94.1152	0.5008	213	29.152	66.43299999999999
1	1	1009	Eschweilera	coriacea	E coriacea	NA	3A	23.873241463784325	88.05539999999999	0.47459999999999997	225.2	70.22	84.6914
1	1	2101	Symphonia	globulifera	S globulifera	G	2B	23.554931577600534	110.53620000000001	0.30119999999999997	343.4	50.2	61.3898
1	1	2201	Symphonia	globulifera	S globulifera	G	1A	17.6661986832004	138.5432	0.271	290.4	42.672200000000004	64.3536
1	1	2880	Symphonia	globulifera	S globulifera	G	1A	10.504226244065103	76.7602	0.33640000000000003	449.8	31.72	72.7668
1	1	2945	Eschweilera	coriacea	E coriacea	NA	2A	11.618310845708372	90.2542	0.45280000000000004	230.4	147.506	90.5672
1	2	66	Eschweilera	sagotiana	E sagotiana	NA	1B	13.209860276627326	129.8674	0.3768	218.4	101.362	82.699
1	2	154	Eschweilera	sagotiana	E sagotiana	NA	3A	27.69296009798982	70.581	0.453	337.4	82.44800000000001	64.5906
1	2	221	Eschweilera	grandiflora_form2	E grandiflora_form2	NA	2B	21.804227203589683	106.035	0.4734	189.8	96.956	87.4632
1	2	387	Symphonia	sp.1	S sp.1	S	3A	34.69577759403322	79.5628	0.219	418.4	6.9698	71.445
1	2	392	Symphonia	globulifera	S globulifera	S	5B	73.21127382227193	73.097	0.3616	409.4	30.62	85.727
1	2	399	Eschweilera	sagotiana	E sagotiana	NA	1B	13.369015219719222	101.8478	0.39640000000000003	242.2	66.188	93.7394
1	2	552	Symphonia	sp.1	S sp.1	S	4A	41.69859509007662	88.3736	0.3694	328.6	12.5634	71.8524
1	2	717	Eschweilera	sagotiana	E sagotiana	NA	3C	29.761974358184457	61.021	0.4462	349	66.838	76.2392
1	2	819	Eschweilera	sagotiana	E sagotiana	NA	4B	32.46760839074668	59.7352	0.45180000000000003	401.8	37.952	63.5038
1	2	2824	Symphonia	sp.1	S sp.1	S	1A	19.73521294339504	116.3006	0.3246	278	25.0616	64.4942
1	2	2841	Eschweilera	wachenheimii	E wachenheimii	NA	1B	15.119719593730073	120.1932	0.42319999999999997	203	40.512	59.143
1	2	2933	Symphonia	globulifera	S globulifera	S	1A	14.642254764454385	86.9456	0.3692	367.6	14.876	75.9754
1	2	3019	Symphonia	globulifera	S globulifera	S	1B	10.185916357881313	130.199	0.2864	310	44.6108	58.4548
1	3	61	Symphonia	globulifera	S globulifera	G	4A	45.9957785535578	72.738	0.32180000000000003	489.8	21.58	60.9292
1	3	106	Symphonia	globulifera	S globulifera	S	5B	66.76549862705016	142.55180000000001	0.2764	301.8	77.7966	65.8644
1	3	115	Eschweilera	coriacea	E coriacea	NA	2A	16.392959138465237	134.1044	0.3506	226.8	74.406	49.6658
1	3	239	Eschweilera	coriacea	E coriacea	NA	3C	27.891903776854686	105.4644	0.4712	181.2	102.084	79.6264
1	3	421	Eschweilera	coriacea	E coriacea	NA	3A	33.303171841979136	123.9648	0.4206	185.2	73.518	86.6812
1	3	539	Symphonia	sp.1	S sp.1	S	1A	13.687325105903012	138.0904	0.3058	242.8	26.009	60.823
1	3	552	Eschweilera	sagotiana	E sagotiana	NA	3B	40.42535554534145	69.5216	0.452	327.4	92.372	67.5058
1	3	886	Symphonia	sp.1	S sp.1	S	1B	20.05352282957883	137.3712	0.3144	266.6	27.8616	64.9878
1	3	2833	Eschweilera	coriacea	E coriacea	NA	3A	13.209860276627326	118.8102	0.458	180.4	185.18800000000002	54.9704
1	3	2942	Eschweilera	coriacea	E coriacea	NA	1B	11.459155902616477	110.3802	0.4934	192.8	83.678	82.59519999999999
1	4	97	Eschweilera	sagotiana	E sagotiana	NA	3A	24.828171122335696	74.3332	0.4184	334.4	55.086	85.512200000000007
1	4	152	Eschweilera	sagotiana	E sagotiana	NA	2C	15.91549430918955	80.7316	0.443	278.4	142.29399999999998	89.0504
1	4	419	Eschweilera	sagotiana	E sagotiana	NA	2B	29.761974358184457	77.93560000000001	0.4508	289.6	107.26	64.4974
1	4	529	Symphonia	sp.1	S sp.1	S	5A	41.06197531770904	80.485	0.3748	378.2	14.438	87.134
1	4	551	Eschweilera	sagotiana	E sagotiana	NA	4A	32.945073220022365	61.6702	0.47400000000000003	364	65.89	70.2296
1	4	604	Eschweilera	sagotiana	E sagotiana	NA	2A	13.84648004899491	87.9254	0.4204	302.4	138.424	59.3156
1	4	614	Eschweilera	sagotiana	E sagotiana	NA	4A	14.323944878270595	52.263999999999996	0.4908	427.4	94.892	90.1116
1	4	709	Eschweilera	sagotiana	E sagotiana	NA	1A	14.323944878270595	88.3564	0.4556	270.8	64.028	67.7834
1	4	721	Eschweilera	coriacea	E coriacea	NA	2B	36.12817208186028	84.8874	0.4626	238	47.774	61.1978
1	4	734	Eschweilera	sagotiana	E sagotiana	NA	2B	20.371832715762626	73.4162	0.4204	352.4	40.184	47.455400000000004
1	4	903	Eschweilera	sagotiana	E sagotiana	NA	3A	25.78310078088707	62.059200000000004	0.4492	366	61.022	72.3856
1	4	1048	Symphonia	globulifera	S globulifera	G	5B	75.28028808246657	78.4742	0.3372	426.6	19.64	62.913
1	4	2253	Symphonia	sp.1	S sp.1	S	1A	20.05352282957883	108.15	0.372	258.6	17.5472	84.4822
1	4	2853	Symphonia	sp.1	S sp.1	S	1A	14.48309982136249	44.081	0.2966	289.8	8.233	55.4502
2	1	29	Symphonia	globulifera	S globulifera	SG	5B	32.46760839074668	107.0234	0.3274	280	14.3632	81.5042
2	1	585	Symphonia	Indet.	S Indet.	S	4A	30.39859413055204	99.0232	0.3394	291.6	12.1104	90.3442
2	1	712	Symphonia	Indet.	S Indet.	S	2B	27.69296009798982	125.1336	0.3368	229.8	21.0886	62.2362
2	1	755	Symphonia	Indet.	S Indet.	S	4A	28.64788975654119	78.355	0.4472	278	8.1864	77.4908
2	1	2301	Symphonia	Indet.	S Indet.	S	3A	28.01126998417361	45.4186	0.3292	219.6	8.3334	72.9806
2	2	307	Symphonia	globulifera	S globulifera	G	4A	49.17887741539571	77.43260000000001	0.3616	326.2	44.909	84.24380000000001
2	2	408	Symphonia	globulifera	S globulifera	G	5A	41.38028520389283	105.3828	0.372	199.4	9.658	64.6024
2	2	413	Symphonia	Indet.	S Indet.	G	3A	34.854932537125116	74.8792	0.4092	315.6	12.836	94.1996
2	2	495	Symphonia	Indet.	S Indet.	S	1B	24.98732606542759	118.86280000000001	0.3834	191.6	31.148600000000002	79.966
2	2	549	Symphonia	Indet.	S Indet.	S	4A	22.122537089773473	92.4302	0.3448	290.6	16.8902	74.3012
2	2	675	Symphonia	Indet.	S Indet.	S	5B	38.35634128514682	87.894	0.3772	277.4	12.1996	74.3674
2	2	3000	Symphonia	Indet.	S Indet.	S	1A	13.209860276627326	123.4196	0.36719999999999997	204.4	22.4668	82.1762
2	2	3088	Symphonia	Indet.	S Indet.	G	2B	11.777465788800267	122.8334	0.3012	230	45.759	70.0824
2	3	120	Symphonia	globulifera	S globulifera	G	5B	49.01972247230381	78.7842	0.3564	358	26.740000000000002	82.8692
2	3	236	Symphonia	globulifera	S globulifera	G	5A	48.144370285298386	88.53925	0.504	406.6	29.64	60.468399999999995
2	3	360	Symphonia	globulifera	S globulifera	G	5B	35.173242423308906	101.10000000000001	0.3744	242	14.3146	84.99900000000001
2	3	2530	Symphonia	globulifera	S globulifera	G	3A	18.14366351247609	89.702	0.32375	363.4	38.2142	77.8588
2	3	2967	Symphonia	globulifera	S globulifera	G	1A	11.140846016432684	127.4	0.276	256.6	48.6304	59.0124
2	4	32	Symphonia	Indet.	S Indet.	S	3B	36.28732702495218	127.0678	0.327	224.6	23.2474	80.099
2	4	596	Symphonia	Indet.	S Indet.	S	3A	30.239439187460146	111.9894	0.3552	250.8	17.990000000000002	74.10419999999999
2	4	777	Symphonia	Indet.	S Indet.	S	4A	40.74366543152525	95.7984	0.3792	251.2	14.5502	87.7736
2	4	3058	Symphonia	Indet.	S Indet.	S	1A	10.981691073340789	142.876	0.3	210.8	24.98	63.5596
3	1	86	Symphonia	globulifera	S globulifera	G	5B	50.92958178940656	71.752	0.3304	438.8	19.52	91.6616
3	1	718	Symphonia	sp.1	S sp.1	SG	3B	18.14366351247609	87.539	0.3518	308.2	15.885	92.8856
3	1	814	Symphonia	sp.1	S sp.1	S	4B	37.56056656968734	92.8082	0.385	295.6	13.8756	103.3034
3	1	2410	Symphonia	sp.1	S sp.1	S	4A	31.8309886183791	108.5848	0.3542	228.8	20.3244	87.9056
3	1	3165	Symphonia	sp.1	S sp.1	G	1A	13.209860276627326	104.1862	0.4072	208.8	18.948	69.7098
3	2	651	Symphonia	sp.1	S sp.1	S	4A	34.854932537125116	78.6794	0.4132	302	17.58	91.9282
3	2	737	Symphonia	sp.1	S sp.1	S	3A	25.46479089470328	97.3934	0.3784	281.6	18.4938	72.6578
3	2	739	Symphonia	sp.1	S sp.1	S	5B	34.854932537125116	71.233	0.3546	412.8	7.765	92.0104
3	2	851	Symphonia	sp.1	S sp.1	S	5A	47.74648292756865	72.9144	0.3566	376.6	11.26	81.627
3	2	2809	Symphonia	sp.1	S sp.1	S	2B	18.939438227935565	124.6806	0.3438	218	29.2566	71.6368
3	2	3368	Symphonia	globulifera	S globulifera	S	1B	10.185916357881313	143.7168	0.3134	230.8	25.6468	65.8634
3	3	3194	Symphonia	sp.1	S sp.1	S	1A	10.822536130248894	150.3294	0.3166	224.6	31.427400000000002	65.382
3	4	302	Symphonia	sp.1	S sp.1	S	3A	29.921129301276356	98.2618	0.366	314.4	14.4154	86.6514
3	4	312	Symphonia	sp.1	S sp.1	S	5A	50.92958178940656	98.3938	0.361	315.8	9.1792	64.2806
3	4	337	Symphonia	sp.1	S sp.1	S	5A	46.1549334966497	123.8778	0.3432	265.6	19.843400000000003	81.0514
3	4	849	Symphonia	sp.1	S sp.1	S	4A	33.422538049298055	90.4532	0.393	252	9.5772	80.2818
3	4	945	Symphonia	globulifera	S globulifera	G	5A	50.45211696013087	67.6596	0.3638	483.4	21.12	86.3772
3	4	2061	Symphonia	sp.1	S sp.1	S	3B	22.122537089773473	129.9398	0.3328	196.8	15.9748	78.1024
4	1	244	Symphonia	sp.1	S sp.1	S	5A	31.353523789103413	80.4772	0.42319999999999997	319.6	14.5654	72.4252
4	1	359	Symphonia	sp.1	S sp.1	S	5A	41.06197531770904	65.7782	0.3974	417.6	11.02	76.496
4	1	497	Symphonia	globulifera	S globulifera	G	5A	63.6619772367582	77.41760000000001	0.38339999999999996	363.2	34.636	69.0552
4	1	499	Symphonia	globulifera	S globulifera	G	5A	49.81549718776329	68.783	0.3448	458	27.96	81.5248
4	1	526	Symphonia	sp.1	S sp.1	S	5A	37.87887645587113	77.8608	0.4072	345.4	10.536200000000001	87.1584
4	1	2666	Symphonia	globulifera	S globulifera	G	4A	37.24225668350355	75.8124	0.3664	385.4	46.32	74.9152
4	1	3000	Symphonia	sp.1	S sp.1	S	1A	16.074649252281446	144.9196	0.3082	246.4	23.4	66.1494
4	2	2657	Symphonia	sp.1	S sp.1	S	3A	21.883804675136172	72.3894	0.4116	384.8	12.0474	79.6636
4	2	3443	Symphonia	sp.1	S sp.1	S	1A	11.30000095952458	130.86880000000002	0.3514	251	31.687	82.1102
4	2	3487	Symphonia	sp.1	S sp.1	S	1A	10.345071300973208	143.63	0.31980000000000003	240.8	21.644	60.8828
4	2	3514	Symphonia	sp.1	S sp.1	S	1A	10.185916357881313	92.1784	0.4044	286.8	25.5738	85.0244
4	4	29	Symphonia	sp.1	S sp.1	SG	5A	22.918311805232953	65.1424	0.40800000000000003	404.8	13.992	89.2362
4	4	390	Symphonia	globulifera	S globulifera	G	5A	69.07324530188265	104.8026	0.355	287.2	48.5708	58.1118
4	4	436	Symphonia	sp.1	S sp.1	SG	5B	51.92430018373091	66.393	0.425	369.4	11.8072	75.9494
4	4	693	Symphonia	globulifera	S globulifera	G	5A	51.24789167559035	64.4422	0.363	466.4	37.74	87.4212
4	4	2258	Symphonia	sp.1	S sp.1	S	3A	36.76479185422786	107.1616	0.3706	269.4	16.1254	90.2576
4	4	3403	Symphonia	globulifera	S globulifera	G	1A	11.459155902616477	167.5472	0.2642	255.6	60.2156	61.51
5	1	436	Symphonia	Indet.	S Indet.	S	5B	35.3323973664008	77.3428	0.364	395.6	12.4138	79.1814
5	1	611	Symphonia	Indet.	S Indet.	S	1A	23.873241463784325	80.663	0.3674	330	18.9476	65.9654
5	1	892	Symphonia	Indet.	S Indet.	SG	3B	28.488734813449295	107.244	0.3326	310	13.7376	82.361
5	1	972	Symphonia	Indet.	S Indet.	S	5B	26.419720553254653	108.888	0.3634	282.2	19.1356	85.5618
5	1	2360	Symphonia	Indet.	S Indet.	S	2A	21.326762374313997	135.999	0.33240000000000003	233	17.2598	76.6802
5	2	88	Symphonia	Indet.	S Indet.	S	4A	31.512678732195308	105.82939999999999	0.3424	292.8	17.771	77.0474
5	2	931	Symphonia	globulifera	S globulifera	G	4A	37.08310174041165	77.904	0.366	381.6	30.951	67.6148
5	2	940	Symphonia	globulifera	S globulifera	G	4A	25.78310078088707	115.4258	0.3104	285	43.074	71.3808
5	2	2650	Symphonia	Indet.	S Indet.	S	1A	19.09859317102746	129.5972	0.3336	256.4	32.5438	66.1258
5	2	2911	Symphonia	Indet.	S Indet.	S	1A	16.870423967740923	96.9756	0.35559999999999997	319.8	16.0206	89.9604
5	2	2952	Symphonia	globulifera	S globulifera	G	2B	20.371832715762626	114.9208	0.305	349.2	57.308	67.4306
5	2	2959	Symphonia	Indet.	S Indet.	S	1B	15.278874536821968	124.7172	0.36619999999999997	230.6	29.0546	67.4992
5	2	3092	Symphonia	Indet.	S Indet.	S	1A	11.777465788800267	149.3008	0.3318	234.2	41.189	66.4164
5	3	189	Symphonia	Indet.	S Indet.	S	1B	23.71408652069243	79.9392	0.3846	358	11.6398	95.8064
5	3	265	Symphonia	Indet.	S Indet.	S	3A	27.374650211806024	69.9438	0.3904	399.4	17.0066	81.1018
5	3	329	Symphonia	Indet.	S Indet.	S	3A	28.96619964272498	117.0498	0.3292	272.4	18.7788	81.1766
5	3	395	Symphonia	globulifera	S globulifera	G	4A	31.8309886183791	67.3514	0.3718	447.6	25.8294	94.2684
5	3	397	Symphonia	globulifera	S globulifera	G	1B	15.119719593730073	76.844	0.3584	419	24.8782	75.7462
5	3	398	Symphonia	globulifera	S globulifera	G	5A	29.761974358184457	80.968	0.3858	369.6	33.4082	77.44200000000001
5	3	520	Symphonia	Indet.	S Indet.	S	5A	40.90282037461714	59.093599999999995	0.45	398.6	7.890199999999999	88.2814
5	3	583	Symphonia	Indet.	S Indet.	S	4B	25.942255723978967	69.6346	0.4274	364.8	11.2904	87.65559999999999
5	3	877	Symphonia	Indet.	S Indet.	S	2B	34.218312764757535	102.4126	0.3438	312.4	21.9562	88.0494
5	3	2202	Symphonia	Indet.	S Indet.	S	4B	33.104228163114264	90.1576	0.365	333.4	16.676199999999998	93.097
5	3	2884	Symphonia	Indet.	S Indet.	S	3B	18.46197339865988	78.974	0.3776	367.8	12.541	85.3216
5	4	471	Symphonia	globulifera	S globulifera	G	5B	45.04084889500643	54.4764	0.401	504.4	21.04	95.3818
5	4	626	Symphonia	globulifera	S globulifera	G	4A	45.20000383809832	80.9298	0.348	365.4	32.3494	71.2812
5	4	658	Symphonia	globulifera	S globulifera	G	5A	49.17887741539571	79.3192	0.3536	402	34.6764	74.955
5	4	784	Symphonia	globulifera	S globulifera	G	4A	39.78873577297387	79.6252	0.3568	394.6	22.6498	80.0714
5	4	1093	Symphonia	Indet.	S Indet.	SG	4A	38.9929610575144	76.8516	0.357	401.2	15.308	67.18260000000001
5	4	1094	Symphonia	Indet.	S Indet.	S	2B	21.485917317405892	72.1552	0.3644	387	14.76	81.1254
5	4	2875	Symphonia	Indet.	S Indet.	S	2A	21.963382146681578	89.3516	0.3616	345.4	11.7122	86.85340000000001
5	4	2913	Symphonia	Indet.	S Indet.	S	1B	17.507043740108504	135.069	0.3264	264.2	25.7216	73.9364
5	4	2947	Symphonia	Indet.	S Indet.	S	2B	18.78028328484367	139.5984	0.3134	255.8	14.8614	62.6864
5	4	3036	Symphonia	Indet.	S Indet.	S	1A	11.140846016432684	113.591	0.3312	303.4	20.1274	72.7384
6	1	25	Eschweilera	sagotiana	E sagotiana	NA	4B	37.71972151277923	58.1682	0.4836	385.2	38.132	91.1938
6	1	154	Eschweilera	decolorans	E decolorans	NA	2C	30.08028424436825	89.77499999999999	0.4536	247.6	72.104	82.8716
6	1	167	Eschweilera	decolorans	E decolorans	NA	2B	13.687325105903012	64.3628	0.4404	348.4	124.22	91.1212
6	1	169	Eschweilera	decolorans	E decolorans	NA	2C	29.761974358184457	66.46340000000001	0.498	291.6	63.678	92.0298
6	1	192	Symphonia	sp.1	S sp.1	S	3A	19.41690305721125	90.5736	0.42500000000000004	185.4	17.148600000000002	74.3614
6	1	296	Eschweilera	decolorans	E decolorans	NA	4A	40.186623130703616	111.3174	0.4326	223.6	39.428	78.999
6	1	311	Eschweilera	decolorans	E decolorans	NA	4A	41.69859509007662	69.9902	0.4568	299.8	81.582	83.75099999999999
6	1	330	Eschweilera	decolorans	E decolorans	NA	3A	24.509861236151906	84.385	0.424	283.2	75.006	61.4278
6	1	331	Eschweilera	decolorans	E decolorans	NA	3A	17.029578910832818	104.8148	0.463	218.2	54.572	73.7768
6	1	397	Eschweilera	decolorans	E decolorans	NA	2A	16.870423967740923	105.0364	0.38380000000000003	222.8	56.088	60.1828
6	1	427	Eschweilera	decolorans	E decolorans	NA	4B	31.671833675287203	89.1002	0.3152	243.4	37.146	75.608
6	1	430	Eschweilera	decolorans	E decolorans	NA	3B	27.69296009798982	102.4576	0.4446	219.4	50.864000000000004	78.678
6	1	446	Symphonia	sp.1	S sp.1	S	5A	30.39859413055204	59.5948	0.4346	270.2	9.8192	110.2346
6	1	487	Eschweilera	decolorans	E decolorans	NA	3A	19.73521294339504	111.2588	0.449	208.6	59.262	86.7
6	1	519	Eschweilera	decolorans	E decolorans	NA	2B	24.6690161792438	106.1192	0.4566	212	80.252	80.4282
6	1	567	Eschweilera	decolorans	E decolorans	NA	2A	27.852115041081714	101.9824	0.4494	227.8	41.398	72.4638
6	1	603	Eschweilera	decolorans	E decolorans	NA	2A	21.645072260497788	110.5216	0.436	221.8	83.554	83.5006
6	1	641	Eschweilera	sagotiana	E sagotiana	NA	3C	31.512678732195308	90.694	0.4742	234	48.194	78.8546
6	1	785	Eschweilera	decolorans	E decolorans	NA	4A	33.263383106206156	91.4226	0.4704	249	65.044	72.9414
6	1	791	Eschweilera	decolorans	E decolorans	NA	2C	15.756339366097654	88.86280000000001	0.4294	269.4	52.238	74.529
6	1	798	Eschweilera	sagotiana	E sagotiana	NA	4B	37.56056656968734	83.5382	0.3932	303.6	94.28	68.0808
6	1	845	Eschweilera	sagotiana	E sagotiana	NA	5A	45.83662361046591	63.4214	0.46140000000000003	350	52.844	73.3322
6	1	940	Eschweilera	sagotiana	E sagotiana	NA	3A	39.15211600060629	68.35379999999999	0.4226	332.8	43.286	63.319199999999995
6	1	2801	Eschweilera	collina	E collina	NA	1B	12.095775674984058	104.9306	0.4728	206.4	56.82	70.537
6	1	2809	Eschweilera	sagotiana	E sagotiana	NA	2B	12.73239544735164	77.4364	0.4908	299.2	130.098	86.16120000000001
6	1	2813	Eschweilera	decolorans	E decolorans	NA	1B	11.30000095952458	96.1792	0.469	232.2	84.024	94.72879999999999
6	1	2827	Eschweilera	sagotiana	E sagotiana	NA	2A	10.981691073340789	99.4564	0.38	263	106.05	72.5736
6	1	2908	Symphonia	sp.1	S sp.1	S	1A	11.936620731892162	105.575	0.3276	172.8	24.194399999999998	78.73559999999999
6	1	2924	Symphonia	globulifera	S globulifera	G	1A	11.618310845708372	113.7574	0.314	232.4	62.3086	67.68639999999999
6	1	2933	Symphonia	sp.1	S sp.1	S	1B	12.095775674984058	138.8626	0.3432	141.6	20.5692	64.62780000000001
6	2	240	Symphonia	sp.1	S sp.1	S	3A	27.852115041081714	89.953	0.35660000000000003	267.2	13.943	87.1242
6	2	259	Eschweilera	coriacea	E coriacea	NA	3C	39.78873577297387	123.4732	0.48719999999999997	164	56.776	70.8322
6	2	261	Eschweilera	coriacea	E coriacea	NA	3A	69.39155518806643	123.7524	0.46599999999999997	172.2	35.666000000000004	72.6264
6	2	294	Eschweilera	decolorans	E decolorans	NA	5A	39.31127094369819	65.44460000000001	0.44380000000000003	356.4	104.514	88.264
6	2	361	Eschweilera	decolorans	E decolorans	NA	2C	21.485917317405892	91.8052	0.6772	284	101.42	58.208999999999996
6	2	380	Symphonia	sp.1	S sp.1	S	4A	33.740847935481845	100.609	0.35	155	17.325	103.7226
6	2	415	Eschweilera	decolorans	E decolorans	NA	2A	14.960564650638178	103.0234	0.46299999999999997	215.6	73.718	87.0474
6	2	418	Eschweilera	sagotiana	E sagotiana	NA	5A	50.92958178940656	73.6686	0.4404	326.4	93.856	70.0096
6	2	506	Eschweilera	decolorans	E decolorans	NA	5A	70.6647947328016	79.5308	0.4818	295	30.114	69.809
6	2	563	Eschweilera	sagotiana	E sagotiana	NA	3C	37.71972151277923	79.6724	0.40340000000000004	332.6	76.474	66.554
6	2	676	Eschweilera	sagotiana	E sagotiana	NA	3B	23.554931577600534	56.0494	0.477	357.4	131.14600000000002	110.2894
6	2	682	Eschweilera	decolorans	E decolorans	NA	2A	13.369015219719222	138.3974	0.4572	172.4	78.858	73.6332
6	2	794	Eschweilera	decolorans	E decolorans	NA	2B	20.53098765885452	112.7722	0.4232	218.2	49.678	63.468399999999995
6	2	798	Eschweilera	decolorans	E decolorans	NA	3C	31.194368846011518	129.3472	0.4048	204.2	76.6	70.01859999999999
6	2	801	Eschweilera	decolorans	E decolorans	NA	3A	34.377467707849426	80.0616	0.49260000000000004	293.8	109.66	75.098
6	2	802	Eschweilera	decolorans	E decolorans	NA	3A	35.3323973664008	103.5112	0.4798	211.4	49.23	88.1052
6	2	861	Eschweilera	decolorans	E decolorans	NA	2B	19.09859317102746	139.1572	0.3644	202.6	69.162	69.837
6	2	867	Eschweilera	sagotiana	E sagotiana	NA	4A	34.059157821665636	66.7126	0.4714	326.4	68.992	67.2394
6	2	870	Symphonia	sp.1	S sp.1	S	3A	44.88169395191453	151.0694	0.3174	129.4	14.7448	76.9468
6	2	904	Symphonia	sp.1	S sp.1	S	4A	24.03239640687622	101.591	0.3988	163.8	17.7546	94.3548
6	2	2206	Eschweilera	decolorans	E decolorans	NA	2A	11.618310845708372	131.4324	0.4572	191.6	50.217999999999996	70.2704
6	2	2812	Eschweilera	coriacea	E coriacea	NA	3A	13.528170162811117	96.2606	0.5016	202.2	44.884	76.6956
6	2	2940	Symphonia	sp.1	S sp.1	S	1A	12.414085561167848	148.933	0.3404	131.4	23.4244	45.595
6	2	2976	Symphonia	globulifera	S globulifera	S	1A	12.095775674984058	137.559	0.3288	126.6	25.06	62.9656
6	3	50	Eschweilera	decolorans	E decolorans	NA	2C	18.46197339865988	102.7002	0.457	226	69.578	66.3732
6	3	59	Symphonia	globulifera	S globulifera	SG	3B	17.825353626292294	107.34	0.3588	167	16.4782	66.516
6	3	62	Eschweilera	decolorans	E decolorans	NA	3C	27.21549526871413	92.37780000000001	0.4664	240.8	86.98	77.81439999999999
6	3	71	Eschweilera	decolorans	E decolorans	NA	4B	30.557749073643937	92.1356	0.4028	252.6	42.898	65.0582
6	3	97	Symphonia	globulifera	S globulifera	SG	4B	31.353523789103413	112.5808	0.343	174.4	15.8054	82.5472
6	3	98	Eschweilera	decolorans	E decolorans	NA	4B	40.10704565915766	87.4248	0.4242	230.2	48.61	78.0984
6	3	110	Eschweilera	decolorans	E decolorans	NA	3A	27.056340325622234	96.2064	0.4534	222.4	58.85	95.0356
6	3	208	Eschweilera	decolorans	E decolorans	NA	1B	12.573240504259745	123.9438	0.4192	212.8	67.026	79.1326
6	3	215	Eschweilera	decolorans	E decolorans	NA	4A	27.69296009798982	109.84519999999999	0.4602	215.6	47.692	75.8486
6	3	233	Eschweilera	decolorans	E decolorans	NA	4A	32.308453447654784	110.8622	0.4606	213.6	65.084	91.146
6	3	255	Eschweilera	decolorans	E decolorans	NA	4A	45.04084889500643	78.0934	0.4836	262.2	34.898	66.6666
6	3	269	Eschweilera	decolorans	E decolorans	NA	3C	41.06197531770904	77.3704	0.4128	301.2	64.764	76.5368
6	3	281	Eschweilera	decolorans	E decolorans	NA	3B	27.852115041081714	90.125	0.45539999999999997	251.6	81.278	87.7692
6	3	345	Eschweilera	decolorans	E decolorans	NA	3A	15.278874536821968	95.5376	0.4848	234.6	72.182	91.8554
6	3	346	Symphonia	globulifera	S globulifera	G	5B	24.03239640687622	92.4972	0.36119999999999997	228.6	24.1004	81.0924
6	3	366	Eschweilera	decolorans	E decolorans	NA	3B	26.419720553254653	86.829	0.4756	241.4	52.608	72.262200000000007
6	3	373	Eschweilera	decolorans	E decolorans	NA	4A	34.854932537125116	89.9378	0.4772	248	78.226	85.8172
6	3	375	Symphonia	sp.1	S sp.1	S	3B	21.008452488130207	122.2624	0.3332	163.8	17.9136	62.6154
6	3	424	Eschweilera	decolorans	E decolorans	NA	3B	29.921129301276356	96.804	0.4454	263.2	87.118	75.0606
6	3	433	Eschweilera	decolorans	E decolorans	NA	3A	16.392959138465237	111.97279999999999	0.4284	221.8	89.022	71.1872
6	3	510	Eschweilera	decolorans	E decolorans	NA	4C	30.716904016735832	81.1256	0.3956	289.2	41.34	51.6174
6	3	531	Eschweilera	decolorans	E decolorans	NA	3B	25.78310078088707	92.1618	0.42319999999999997	250	68.118	79.113
6	3	610	Symphonia	globulifera	S globulifera	G	5B	49.81549718776329	77.9626	0.42419999999999997	195.4	29.86	73.0004
6	3	611	Eschweilera	decolorans	E decolorans	NA	3C	30.876058959827727	136.3142	0.3812	217.2	70.936	94.93599999999999
6	3	616	Eschweilera	coriacea	E coriacea	NA	2B	19.09859317102746	122.96640000000001	0.4154	217.8	52.042	62.2322
6	3	694	Eschweilera	decolorans	E decolorans	NA	3B	29.60281941509256	103.6582	0.42219999999999996	251.2	54.95	58.7526
6	3	782	Eschweilera	decolorans	E decolorans	NA	2C	16.552114081557132	142.151	0.4168	179.4	22.962	68.5892
6	3	794	Eschweilera	sagotiana	E sagotiana	NA	4A	43.926764293363156	60.1122	0.4382	358.8	89.20400000000001	53.7554
6	3	1090	Eschweilera	decolorans	E decolorans	NA	1B	19.894367886486936	87.9448	0.43120000000000003	252.6	77.98	103.5112
6	3	1098	Eschweilera	decolorans	E decolorans	NA	3A	20.53098765885452	128.0888	0.382	215	67.078	63.0194
6	3	2074	Eschweilera	decolorans	E decolorans	NA	2A	13.209860276627326	123.8516	0.4336	210.8	59.15	71.4564
6	3	2201	Eschweilera	coriacea	E coriacea	NA	2A	12.891550390443536	140.2148	0.4084	199.6	57.862	70.6232
6	3	2302	Symphonia	sp.1	S sp.1	S	2B	25.14648100851949	115.3878	0.4706	171.4	24.8524	79.981
6	3	2356	Symphonia	sp.1	S sp.1	S	2B	14.642254764454385	147.3652	0.3804	109.6	27.8964	60.9166
6	3	2800	Symphonia	sp.1	S sp.1	S	2B	12.095775674984058	133.0656	0.3408	138.8	29.1038	78.7522
6	3	2814	Eschweilera	decolorans	E decolorans	NA	2A	12.891550390443536	142.19480000000001	0.4	206	46.928	84.7636
6	3	2890	Eschweilera	coriacea	E coriacea	NA	2C	13.687325105903012	76.4992	0.462	292.2	118.956	88.2176
6	3	2902	Eschweilera	decolorans	E decolorans	NA	1B	12.573240504259745	106.8048	0.4308	229.6	74.602	75.1736
6	4	287	Eschweilera	sagotiana	E sagotiana	NA	3B	24.03239640687622	83.188	0.4306	297.8	69.032	66.8688
6	4	294	Eschweilera	coriacea	E coriacea	NA	2A	13.687325105903012	121.39320000000001	0.3874	233.6	92.44800000000001	72.9862
6	4	305	Eschweilera	decolorans	E decolorans	NA	4A	26.578875496346548	111.0598	0.2508	202.6	80.82600000000001	56.864000000000004
6	4	372	Eschweilera	decolorans	E decolorans	NA	1B	16.552114081557132	118.23140000000001	0.3826	218.6	56.558	70.8682
6	4	379	Eschweilera	decolorans	E decolorans	NA	2C	20.05352282957883	101.7268	0.4378	228.2	59.064	80.6774
6	4	386	Eschweilera	sagotiana	E sagotiana	NA	4A	36.60563691113597	75.9702	0.4362	333.2	55.272	67.6074
6	4	418	Eschweilera	sagotiana	E sagotiana	NA	4A	39.47042588679008	78.6792	0.4832	274.8	73.624	85.0594
6	4	614	Eschweilera	decolorans	E decolorans	NA	2A	16.23380419537334	97.553	0.4456	235.2	81.88799999999999	89.1386
6	4	635	Eschweilera	decolorans	E decolorans	NA	4B	28.3295798703574	84.0345	0.3945	312.25	133.97	66.2245
6	4	649	Symphonia	sp.1	S sp.1	S	5A	37.24225668350355	98.9922	0.3846	224	19.1206	86.5962
6	4	715	Eschweilera	collina	E collina	NA	1B	13.369015219719222	127.8098	0.4018	202.2	45.525999999999996	66.7568
6	4	768	Eschweilera	sagotiana	E sagotiana	NA	2B	23.873241463784325	67.9236	0.4822	328.4	74.342	75.5206
6	4	1053	Eschweilera	sagotiana	E sagotiana	NA	3A	34.854932537125116	64.3796	0.4398	367	106.296	85.6626
6	4	2300	Symphonia	globulifera	S globulifera	G	2A	19.576058000303146	122.12559999999999	0.302	128.8	77.104	82.696
6	4	2304	Eschweilera	sagotiana	E sagotiana	NA	2C	13.528170162811117	95.6148	0.3822	248.8	64.444	52.3316
6	4	2309	Eschweilera	decolorans	E decolorans	NA	2C	17.188733853924713	75.5944	0.4484	321.8	93.792	60.1654
6	4	2501	Eschweilera	decolorans	E decolorans	NA	3A	16.074649252281446	153.68075	0.37779999999999997	198.2	75.3725	61.1848
6	4	2822	Eschweilera	decolorans	E decolorans	NA	2C	12.73239544735164	128.4964	0.4732	187.4	75.658	62.2684
6	4	2864	Symphonia	sp.1	S sp.1	SG	3B	23.71408652069243	92.99	0.3628	239.8	19.2896	103.0268
6	4	2867	Symphonia	sp.1	S sp.1	G	1A	11.777465788800267	137.964	0.3038	152.8	21.6438	68.0732
6	4	2915	Symphonia	sp.1	S sp.1	S	1A	13.050705333535431	147.3028	0.315	157.6	30.2836	69.9858
6	4	2932	Symphonia	globulifera	S globulifera	G	2A	15.597184423005759	105.3748	0.275	183.8	41.3	77.7796
6	4	2941	Symphonia	globulifera	S globulifera	G	2B	13.209860276627326	134.6856	0.3398	197.6	48.3672	66.1062
6	4	2955	Eschweilera	coriacea	E coriacea	NA	2A	11.936620731892162	90.7904	0.41300000000000003	288.2	126.108	85.8754
6	4	2968	Symphonia	globulifera	S globulifera	SG	1A	10.822536130248894	155.8852	0.271	170.4	66.6044	65.0088
6	4	2980	Eschweilera	coriacea	E coriacea	NA	2C	11.140846016432684	60.0156	0.4844	344	136.648	81.2974
6	4	2982	Eschweilera	coriacea	E coriacea	NA	2A	11.30000095952458	118.82679999999999	0.43120000000000003	211.6	173.982	88.615
7	1	36	Symphonia	Indet.	S Indet.	S	5B	50.92958178940656	68.8288	0.4506	335	16.0362	87.9734
7	1	322	Symphonia	Indet.	S Indet.	S	5A	41.539440146984724	110.3268	0.34859999999999997	270.8	18.5018	75.1836
7	1	388	Symphonia	Indet.	S Indet.	S	5A	37.40141162659544	78.522	0.4008	332.4	14.8142	90.4212
7	1	2051	Symphonia	Indet.	S Indet.	S	4A	22.440846975957264	85.3942	0.39540000000000003	324	11.9158	71.81400000000001
7	1	2150	Symphonia	Indet.	S Indet.	S	3A	32.46760839074668	86.6436	0.3736	306.4	19.331	85.1836
7	1	2370	Symphonia	Indet.	S Indet.	S	3A	18.14366351247609	104.1742	0.3346	305.2	14.1892	82.4162
7	2	298	Symphonia	Indet.	S Indet.	S	5B	29.60281941509256	82.2504	0.4162	321.4	7.3106	96.7474
7	2	510	Symphonia	Indet.	S Indet.	S	4A	23.873241463784325	125.57600000000001	0.3346	250.2	15.623	83.3222
7	2	586	Symphonia	Indet.	S Indet.	S	5A	31.990143561470994	92.8476	0.3868	292.8	12.0122	73.129
7	2	674	Symphonia	Indet.	S Indet.	S	4B	24.6690161792438	108.8622	0.344	294	27.4076	89.2788
7	2	695	Symphonia	globulifera	S globulifera	G	5B	55.38592019597964	74.5386	0.3574	399.2	37.9378	106.2672
7	2	701	Symphonia	globulifera	S globulifera	G	5A	57.13662456999048	67.8504	0.35159999999999997	474.6	19.12	86.46640000000001
7	2	851	Symphonia	globulifera	S globulifera	G	1B	19.09859317102746	113.2844	0.326	300.4	40.1318	61.1128
7	2	2005	Symphonia	Indet.	S Indet.	S	2B	14.642254764454385	124.5766	0.3492	249	21.788800000000002	73.9392
7	2	2254	Symphonia	Indet.	S Indet.	S	1B	12.73239544735164	130.637	0.3246	256.6	20.5992	74.8366
7	2	2520	Symphonia	globulifera	S globulifera	G	2B	12.095775674984058	96.7146	0.3252	347.2	51.456	61.980599999999995
7	2	2902	Symphonia	Indet.	S Indet.	S	2A	15.597184423005759	127.051	0.3332	250.4	17.2444	77.26180000000001
7	2	2970	Symphonia	Indet.	S Indet.	S	1B	13.687325105903012	135.7236	0.3368	236.2	20.974	76.103
7	2	3049	Symphonia	Indet.	S Indet.	G	2B	12.73239544735164	86.7902	0.318	420.4	37.24	70.5664
7	2	3070	Symphonia	Indet.	S Indet.	S	1B	13.84648004899491	117.25580000000001	0.3582	255	33.086	68.2796
7	3	346	Symphonia	globulifera	S globulifera	G	5A	25.623945837795176	94.3308	0.3322	333	27.4376	73.9326
7	3	620	Symphonia	globulifera	S globulifera	G	5A	53.157750992693096	66.3226	0.3502	457.6	28.92	84.8866
7	3	663	Symphonia	globulifera	S globulifera	G	3B	36.92394679731976	83.4034	0.3502	346	51.6098	77.5694
7	3	679	Symphonia	globulifera	S globulifera	G	3A	23.236621691416744	123.53999999999999	0.27440000000000003	313.2	58.8698	65.6018
7	3	685	Symphonia	globulifera	S globulifera	G	5A	47.42817304138486	100.2856	0.3282	303.4	41.3624	79.7282
7	3	842	Symphonia	globulifera	S globulifera	G	5B	59.84225860255271	77.4658	0.3582	354.4	46.739999999999995	86.3862
7	3	2666	Symphonia	globulifera	S globulifera	G	2B	13.84648004899491	58.4326	0.2458	274.4	24.8466	52.1116
7	3	2802	Symphonia	globulifera	S globulifera	G	4A	24.35070629306001	94.1922	0.3016	398.4	34.54	79.1214
7	3	2806	Symphonia	globulifera	S globulifera	G	1A	12.73239544735164	46.0438	0.2968	311.6	25.7178	66.0984
7	3	2807	Symphonia	globulifera	S globulifera	G	1A	13.050705333535431	138.16719999999998	0.2688	287.8	61.005	63.744
7	3	2812	Symphonia	globulifera	S globulifera	G	1A	15.597184423005759	110.5064	0.2978	291.4	73.2086	63.6282
7	3	2837	Symphonia	globulifera	S globulifera	G	1A	10.504226244065103	105.2434	0.3206	316.2	50.2832	67.9004
7	3	2862	Symphonia	globulifera	S globulifera	G	2B	20.05352282957883	112.9254	0.3038	291	42.0494	77.051
7	3	2936	Symphonia	Indet.	S Indet.	S	1B	13.528170162811117	134.6224	0.33240000000000003	248.4	27.616	74.9786
7	3	2962	Symphonia	globulifera	S globulifera	G	3A	19.894367886486936	114.0068	0.308	303.4	45.0234	71.5142
7	3	2963	Symphonia	globulifera	S globulifera	G	1B	13.687325105903012	140.69060000000002	0.3204	192.2	20.6138	63.4772
7	4	299	Symphonia	globulifera	S globulifera	G	5A	52.043666391049825	87.8094	0.3146	408.6	37.14	85.0406
7	4	371	Symphonia	Indet.	S Indet.	S	4A	33.900002878573744	87.744	0.3398	358.2	18.9604	67.4746
7	4	414	Symphonia	globulifera	S globulifera	G	5A	47.42817304138486	74.88799999999999	0.38380000000000003	377.4	33.2508	80.7896
7	4	518	Symphonia	Indet.	S Indet.	S	3A	24.35070629306001	78.381	0.398	358	16.5558	100.3916
7	4	2102	Symphonia	Indet.	S Indet.	S	2B	22.918311805232953	146.379	0.3202	200.6	25.114	64.818
7	4	2253	Symphonia	Indet.	S Indet.	S	1B	20.371832715762626	110.1186	0.3524	247	17.5472	80.84360000000001
7	4	2504	Symphonia	globulifera	S globulifera	G	3A	22.60000191904916	109.9228	0.3162	320.2	46.9494	74.9234
7	4	2886	Symphonia	globulifera	S globulifera	G	3B	14.960564650638178	113.8798	0.30619999999999997	302.8	42.4078	63.5176
7	4	2901	Symphonia	Indet.	S Indet.	S	1A	13.369015219719222	157.8786	0.3026	203	30.2302	63.7278
8	1	144	Symphonia	globulifera	S globulifera	SG	3A	28.96619964272498	106.7246	0.3522	255.8	21.0816	61.352
8	1	661	Symphonia	sp.1	S sp.1	S	4A	37.24225668350355	106.9272	0.3244	287.6	19.1792	70.3064
8	1	3387	Symphonia	globulifera	S globulifera	S	2B	14.323944878270595	130.7798	0.3292	212.6	24.1352	75.7428
8	2	3476	Symphonia	globulifera	S globulifera	S	2A	13.050705333535431	115.1494	0.3376	253.2	37.056	88.4408
8	3	2842	Symphonia	sp.1	S sp.1	S	3A	26.419720553254653	120.98140000000001	0.3362	255.2	25.084	83.4906
8	3	3218	Symphonia	globulifera	S globulifera	SG	4A	21.167607431222102	85.211	0.3255	336	73.775	86.02074999999999
8	3	3289	Symphonia	sp.1	S sp.1	SG	2B	22.28169203286537	92.7612	0.3168	341.8	43.4768	77.815
8	3	3290	Symphonia	globulifera	S globulifera	SG	4A	24.191551349968115	91.8982	0.3066	337.6	44.0552	73.0758
8	3	3291	Symphonia	globulifera	S globulifera	G	3B	25.14648100851949	91.7038	0.3256	308.8	28.27	82.062
8	3	3303	Symphonia	sp.1	S sp.1	SG	3B	24.509861236151906	96.8158	0.457	318	38.1446	68.2306
8	3	3391	Symphonia	sp.1	S sp.1	S	3A	14.960564650638178	107.8142	0.3474	277.4	24.3046	74.1456
8	3	3399	Symphonia	globulifera	S globulifera	SG	2B	15.91549430918955	102.898	0.4224	294.6	47.144	64.3418
8	3	3487	Symphonia	globulifera	S globulifera	S	1A	11.140846016432684	116.141	0.2812	297.8	54.0738	61.4604
8	3	3491	Symphonia	globulifera	S globulifera	G	1A	11.777465788800267	137.14000000000001	0.279	258	56.3924	68.7276
8	3	3493	Symphonia	globulifera	S globulifera	G	1B	13.369015219719222	135.6638	0.28	251.8	77.8208	73.1532
8	4	3659	Symphonia	globulifera	S globulifera	S	1A	10.345071300973208	152.004	0.3372	152.8	20.738	68.09
9	2	8	Symphonia	Indet.	S Indet.	S	5B	30.876058959827727	74.02720000000001	0.39740000000000003	322	16.5888	98.2354
9	2	11	Symphonia	Indet.	S Indet.	S	5A	28.64788975654119	117.491	0.3456	207	20.3708	71.162
9	2	2870	Symphonia	Indet.	S Indet.	S	2B	15.91549430918955	117.253	0.3598	234.6	17.8594	87.5692
9	2	2888	Symphonia	Indet.	S Indet.	S	2B	16.870423967740923	104.2916	0.3708	286.2	16.1044	90.098
9	3	364	Symphonia	Indet.	S Indet.	S	4A	23.39577663450864	68.1512	0.3726	356.4	16.28	81.946
9	3	661	Symphonia	Indet.	S Indet.	S	4A	23.236621691416744	97.011	0.363	278.6	10.3086	92.1858
9	3	2210	Symphonia	Indet.	S Indet.	S	2B	15.438029479913864	104.5142	0.34959999999999997	255.6	14.9322	104.91120000000001
9	3	2655	Symphonia	Indet.	S Indet.	S	2A	18.14366351247609	92.5758	0.3714	306	16.5496	103.4814
9	3	2658	Symphonia	Indet.	S Indet.	SG	2B	22.918311805232953	92.7924	0.3604	297	16.508	76.4292
9	3	2890	Symphonia	Indet.	S Indet.	S	3A	14.1647899351787	92.5214	0.3542	279.4	16.9946	78.986
9	4	758	Symphonia	Indet.	S Indet.	S	4A	23.236621691416744	93.3964	0.3724	259.2	20.3476	70.7522
10	1	6	Symphonia	Indet.	S Indet.	SG	5A	40.26620060224956	66.74	0.4424	231.8	10.7536	103.3168
10	1	3300	Symphonia	Indet.	S Indet.	G	2B	27.374650211806024	96.4688	0.34199999999999997	281.2	62.8508	71.0516
10	2	638	Symphonia	Indet.	S Indet.	S	4A	38.35634128514682	120.4748	0.3628	179.2	9.1442	74.2998
10	2	948	Symphonia	globulifera	S globulifera	G	5B	46.63239832592538	78.6992	0.3494	241.2	21.2974	89.4704
10	2	3251	Symphonia	Indet.	S Indet.	S	1A	11.140846016432684	140.0718	0.2762	251.2	49.5814	79.7524
10	3	917	Symphonia	Indet.	S Indet.	S	5B	27.374650211806024	90.6702	0.3694	191	11.8808	69.2476
10	3	928	Symphonia	Indet.	S Indet.	S	3A	32.785918276930474	108.598	0.3846	160.2	19.9158	88.4562
10	3	942	Symphonia	Indet.	S Indet.	S	3A	44.24507417954695	118.8995	0.33675	228.75	17.152	67.01975
10	3	2262	Symphonia	Indet.	S Indet.	S	3A	20.371832715762626	125.6914	0.3168	149.6	14.4042	74.8974
10	3	2912	Symphonia	Indet.	S Indet.	S	2C	21.326762374313997	108.1582	0.3368	158.8	19.1558	90.3994
10	3	3103	Symphonia	Indet.	S Indet.	S	1A	10.345071300973208	141.2914	0.3236	199	19.3876	68.17020000000001
10	4	47	Symphonia	Indet.	S Indet.	S	5A	46.79155326901728	71.1926	0.421	259.4	14.898	84.0828
10	4	592	Symphonia	Indet.	S Indet.	S	5B	25.46479089470328	92.8234	0.3994	287.8	7.4496	78.6176
10	4	2668	Symphonia	Indet.	S Indet.	S	3A	24.03239640687622	123.56779999999999	0.3644	123.2	23.5304	70.4644
10	4	2947	Symphonia	globulifera	S globulifera	S	3C	19.576058000303146	101.7438	0.3326	196.8	14.5986	83.9296
11	1	131	Eschweilera	sagotiana	E sagotiana	NA	3A	12.73239544735164	56.856	0.4886	360	52.708	81.1144
11	1	253	Eschweilera	sagotiana	E sagotiana	NA	3C	14.642254764454385	72.95400000000001	0.4294	342.8	98.836	62.1866
11	1	414	Eschweilera	sagotiana	E sagotiana	NA	3A	19.09859317102746	63.1914	0.503	331.2	65.122	73.4862
11	1	443	Eschweilera	sagotiana	E sagotiana	NA	3A	14.642254764454385	71.6626	0.5492	336.8	142.06799999999998	66.3904
11	1	459	Eschweilera	sagotiana	E sagotiana	NA	2C	15.91549430918955	61.8242	0.4818	318.6	120.444	89.2784
11	1	480	Eschweilera	sagotiana	E sagotiana	NA	1B	18.46197339865988	53.5112	0.46540000000000004	394.8	113.318	85.6518
11	1	495	Eschweilera	sagotiana	E sagotiana	NA	3A	20.05352282957883	60.3962	0.4448	381.4	95.774	66.8404
11	1	726	Eschweilera	sagotiana	E sagotiana	NA	3B	32.785918276930474	70.56960000000001	0.4572	319.8	73.648	76.9518
11	1	742	Symphonia	sp.1	S sp.1	S	4A	29.761974358184457	96.008	0.32739999999999997	226.2	8.2328	63.404
11	1	872	Eschweilera	sagotiana	E sagotiana	NA	4B	41.06197531770904	74.1618	0.4734	280.6	65.446	74.3216
11	1	873	Symphonia	sp.1	S sp.1	S	4A	22.28169203286537	107.0004	0.3436	179.4	19.6024	82.1518
11	1	874	Symphonia	globulifera	S globulifera	SG	5B	39.94789071606577	90.1842	0.3576	211.2	21.1982	87.7394
11	1	900	Symphonia	sp.1	S sp.1	S	4A	25.46479089470328	68.1836	0.3428	363.2	7.9312	62.001200000000004
11	1	966	Eschweilera	sagotiana	E sagotiana	NA	4A	28.64788975654119	66.9916	0.4372	354	153.802	78.8948
11	1	985	Eschweilera	sagotiana	E sagotiana	NA	4A	26.260565610162757	66.2398	0.44220000000000004	339.8	76.602	82.4074
11	1	2988	Symphonia	sp.1	S sp.1	S	1A	11.140846016432684	127.2608	0.336	154.8	21.6962	77.8406
11	2	18	Eschweilera	sagotiana	E sagotiana	NA	3A	19.894367886486936	75.4182	0.42719999999999997	326	87.736	66.236
11	2	240	Symphonia	sp.1	S sp.1	S	4A	37.24225668350355	82.8332	0.38120000000000004	244.6	14.086	103.8844
11	2	288	Eschweilera	sagotiana	E sagotiana	NA	4A	35.173242423308906	58.93	0.4762	378.8	46.264	60.7872
11	2	292	Eschweilera	sagotiana	E sagotiana	NA	3A	31.8309886183791	72.5416	0.5616	300.8	68.1	92.4048
11	2	293	Eschweilera	sagotiana	E sagotiana	NA	2B	13.369015219719222	73.3862	0.5466	329.4	94.938	86.594
11	2	571	Eschweilera	sagotiana	E sagotiana	NA	4A	51.56620156177414	52.314	0.5508	409.6	45.202	89.1064
11	2	645	Eschweilera	sagotiana	E sagotiana	NA	5A	40.74366543152525	56.6158	0.5048	381.8	53.782	91.9518
11	2	842	Symphonia	sp.1	S sp.1	S	3A	17.984508569384193	114.297	0.3532	150.2	15.288400000000001	84.8042
11	2	892	Eschweilera	sagotiana	E sagotiana	NA	5A	35.80986219567649	60.2882	0.4492	380.8	66.166	70.5888
11	2	929	Eschweilera	coriacea	E coriacea	NA	2B	21.008452488130207	79.706	0.4262	306.8	120.8	86.4508
11	2	991	Eschweilera	sagotiana	E sagotiana	NA	3C	29.443664472000666	63.3944	0.4654	364.6	67.148	77.11540000000001
11	2	1010	Eschweilera	sagotiana	E sagotiana	NA	2A	13.84648004899491	83.70739999999999	0.4266	284.6	127.8	78.069
11	2	1043	Symphonia	globulifera	S globulifera	G	5A	40.10704565915766	88.305	0.3498	238.8	33.092	77.8654
11	2	1054	Eschweilera	sagotiana	E sagotiana	NA	2B	15.438029479913864	56.9536	0.494	378	138.29	84.88980000000001
11	2	2928	Symphonia	globulifera	S globulifera	G	2A	19.73521294339504	108.3242	0.30519999999999997	202	48.0614	76.82
11	3	122	Eschweilera	sagotiana	E sagotiana	NA	3B	19.257748114119355	56.2376	0.515	319.4	57.166	80.6848
11	3	255	Eschweilera	sagotiana	E sagotiana	NA	3A	16.870423967740923	69.3306	0.4538	325.4	92.616	78.3772
11	3	329	Eschweilera	sagotiana	E sagotiana	NA	2C	20.690142601946416	66.3206	0.4514	357.4	70.586	69.3038
11	3	396	Eschweilera	sagotiana	E sagotiana	NA	3C	22.122537089773473	64.153	0.4586	343.2	77.53999999999999	84.7056
11	3	481	Eschweilera	sagotiana	E sagotiana	NA	4A	49.17887741539571	50.6122	0.47759999999999997	418.6	49.75	68.7494
11	3	505	Eschweilera	sagotiana	E sagotiana	NA	2A	10.345071300973208	81.848	0.4152	279.6	122.022	81.9088
11	3	516	Eschweilera	sagotiana	E sagotiana	NA	2B	23.07746674832485	48.3266	0.4948	411	59.968	94.938
11	3	537	Eschweilera	sagotiana	E sagotiana	NA	3A	20.05352282957883	74.4024	0.4032	317.8	90.11399999999999	82.9406
11	3	680	Eschweilera	sagotiana	E sagotiana	NA	1B	12.095775674984058	84.01559999999999	0.43	287.8	118.8	83.7174
11	3	751	Eschweilera	sagotiana	E sagotiana	NA	2B	21.645072260497788	63.0168	0.5132	317.8	93.372	85.633
11	3	845	Eschweilera	sagotiana	E sagotiana	NA	5A	38.35634128514682	58.797	0.4734	370.8	64.79599999999999	62.8436
11	4	236	Eschweilera	sagotiana	E sagotiana	NA	4C	42.335214862444204	79.5684	0.427	314	65.258	53.5316
11	4	299	Eschweilera	sagotiana	E sagotiana	NA	2B	33.104228163114264	66.4436	0.4592	348.6	101.378	83.1598
11	4	352	Symphonia	sp.1	S sp.1	S	3A	30.557749073643937	67.465	0.3894	270.8	13.4758	86.7966
11	4	425	Symphonia	sp.1	S sp.1	S	5A	34.69577759403322	85.1216	0.36	245.2	11.8758	91.8026
11	4	471	Eschweilera	sagotiana	E sagotiana	NA	3C	25.46479089470328	57.2122	0.5486	377.4	51.876	75.5862
11	4	569	Symphonia	sp.1	S sp.1	SG	5B	33.581692992389954	81.103	0.351	256.2	10.8412	76.8018
11	4	608	Symphonia	sp.1	S sp.1	S	3A	21.008452488130207	88.447	0.39640000000000003	175.2	10.344199999999999	88.8806
11	4	734	Eschweilera	sagotiana	E sagotiana	NA	1B	15.91549430918955	70.196	0.4768	330.2	80.59	76.5434
11	4	797	Symphonia	sp.1	S sp.1	S	5B	42.335214862444204	94.2012	0.375	222	11.0268	73.9362
11	4	819	Eschweilera	sagotiana	E sagotiana	NA	4A	22.28169203286537	60.2642	0.4376	408	60.916000000000004	71.71860000000001
11	4	911	Eschweilera	coriacea	E coriacea	NA	1B	11.140846016432684	97.23100000000001	0.4556	239.8	70.736	68.3256
11	4	912	Eschweilera	sagotiana	E sagotiana	NA	1B	13.209860276627326	67.2386	0.4716	316.8	169.01	77.2542
11	4	983	Symphonia	sp.1	S sp.1	S	5A	36.60563691113597	64.82679999999999	0.39799999999999996	324.2	8.3334	96.5072
11	4	1070	Symphonia	globulifera	S globulifera	G	5A	68.91409035879074	66.1154	0.3784	292	24.02	91.9262
11	4	2209	Eschweilera	sagotiana	E sagotiana	NA	1B	12.254930618075953	89.8282	0.4336	262.8	181.994	64.6656
11	4	2835	Eschweilera	sagotiana	E sagotiana	NA	2B	13.050705333535431	84.8858	0.3762	265.6	98.128	60.1834
11	4	2928	Symphonia	sp.1	S sp.1	S	2B	11.459155902616477	133.7208	0.3142	138.4	18.1676	75.515
11	4	2943	Symphonia	sp.1	S sp.1	S	1A	10.981691073340789	128.30259999999998	0.3162	163	24.6978	72.654
12	1	330	Symphonia	sp.1	S sp.1	S	3A	25.46479089470328	133.6466	0.34159999999999996	139.4	26.4424	75.1968
12	1	486	Symphonia	sp.1	S sp.1	S	3A	25.14648100851949	148.8216	0.3156	138.8	23.6094	64.7032
12	1	2885	Symphonia	sp.1	S sp.1	S	1A	13.528170162811117	109.083	0.3474	182	15.572600000000001	71.9072
12	2	632	Symphonia	sp.1	S sp.1	SG	3A	29.921129301276356	126.96940000000001	0.3152	142.4	29.8916	74.98819999999999
12	2	1147	Symphonia	sp.1	S sp.1	SG	4A	30.876058959827727	127.8466	0.3756	178.6	17.776600000000002	73.7664
12	2	2351	Symphonia	sp.1	S sp.1	S	4A	28.3295798703574	86.638	0.4114	174.8	11.6882	97.039
12	2	2800	Symphonia	sp.1	S sp.1	S	3A	27.69296009798982	74.0444	0.4152	210	16.189999999999998	107.2138
12	2	3221	Symphonia	sp.1	S sp.1	S	1A	11.777465788800267	126.9108	0.3574	189.8	30.5284	78.97319999999999
12	3	2850	Symphonia	sp.1	S sp.1	S	2B	21.167607431222102	137.4998	0.317	164	16.177	61.351800000000004
12	4	3276	Symphonia	globulifera	S globulifera	S	2B	13.050705333535431	78.02025	0.41275	257	14.17775	90.70875
13	1	1	Eschweilera	sagotiana	E sagotiana	NA	5A	44.56338406573074	64.6356	0.4554	328	46.998	73.06
13	1	5	Eschweilera	sagotiana	E sagotiana	NA	2A	14.960564650638178	69.6114	0.4682	311.4	126.396	89.019
13	1	13	Eschweilera	sagotiana	E sagotiana	NA	3C	24.98732606542759	54.3488	0.4086	404.2	51.314	74.5118
13	1	53	Eschweilera	sagotiana	E sagotiana	NA	2A	15.756339366097654	56.565200000000004	0.4888	328.8	45.732	67.6878
13	1	105	Eschweilera	sagotiana	E sagotiana	NA	3B	10.504226244065103	86.9778	0.4658	262	110.06	83.72840000000001
13	1	108	Eschweilera	sagotiana	E sagotiana	NA	3c	30.876058959827727	54.3324	0.4674	375	39.322	64.221
13	1	235	Symphonia	sp.1	S sp.1	G	4A	52.043666391049825	106.08500000000001	0.3256	323.8	11.5384	79.9522
13	1	655	Symphonia	sp.1	S sp.1	S	5A	45.35915878119022	89.1886	0.35	352.6	10.8992	61.986000000000004
13	1	782	Symphonia	globulifera	S globulifera	G	5B	63.025357464390616	95.7302	0.30219999999999997	393.6	32.1054	72.6712
13	1	785	Symphonia	globulifera	S globulifera	G	4B	71.30141450516918	81.908	0.3302	430.6	24.078799999999998	86.3542
13	1	791	Eschweilera	wachenheimii	E wachenheimii	NA	3A	13.209860276627326	102.9924	0.4872	203.6	48.206	88.6046
13	1	816	Eschweilera	wachenheimii	E wachenheimii	NA	2A	15.597184423005759	106.2586	0.5032	168.6	28.85	61.324799999999996
13	1	880	Eschweilera	sagotiana	E sagotiana	NA	2A	14.1647899351787	80.1802	0.4198	301.6	60.536	67.36
13	1	886	Eschweilera	sagotiana	E sagotiana	NA	3C	18.46197339865988	72.48559999999999	0.4618	334.2	92.87	58.949
13	1	894	Symphonia	sp.1	S sp.1	S	2A	17.825353626292294	104.7708	0.4038	298.2	20.3406	87.3192
13	1	922	Symphonia	globulifera	S globulifera	G	5A	78.46338694430447	87.4062	0.324	395.6	35.74	74.5382
13	1	941	Symphonia	sp.1	S sp.1	S	3A	29.60281941509256	116.0076	0.3358	297.2	22.2552	67.0184
13	1	991	Eschweilera	sagotiana	E sagotiana	NA	3C	24.509861236151906	62.761	0.4554	372.2	66.8	71.4134
13	1	1050	Symphonia	globulifera	S globulifera	G	5B	55.38592019597964	78.4098	0.2984	504	13.48	88.3706
13	1	1085	Symphonia	globulifera	S globulifera	G	5B	52.839441106509305	91.809	0.3048	408.6	24.9932	68.8682
13	1	2803	Symphonia	globulifera	S globulifera	G	3B	25.46479089470328	85.6964	0.3274	389.4	24.061600000000002	57.6256
13	1	2829	Eschweilera	wachenheimii	E wachenheimii	NA	2A	11.618310845708372	113.6384	0.4944	190.8	30.302	70.92739999999999
13	1	2849	Symphonia	globulifera	S globulifera	G	2B	18.46197339865988	102.2032	0.3466	298	19.9298	82.2982
13	1	2911	Eschweilera	wachenheimii	E wachenheimii	NA	1B	11.140846016432684	113.0326	0.4484	188.4	30.997999999999998	64.1592
13	2	73	Symphonia	globulifera	S globulifera	G	4A	56.97746962689859	175.7144	0.2662	235.4	25.5976	66.6472
13	2	103	Symphonia	globulifera	S globulifera	G	3B	24.828171122335696	108.833	0.354	270	21.273799999999998	66.6766
13	2	104	Symphonia	globulifera	S globulifera	G	2B	29.60281941509256	85.3038	0.36819999999999997	336.8	15.4766	83.94800000000001
13	2	107	Symphonia	globulifera	S globulifera	G	3B	31.671833675287203	103.9826	0.2938	362.4	41.6658	55.093599999999995
13	2	146	Eschweilera	coriacea	E coriacea	NA	2B	19.09859317102746	83.6	0.4296	257.8	47.492000000000004	98.8026
13	2	272	Eschweilera	coriacea	E coriacea	NA	2B	15.278874536821968	89.42	0.4406	220	87.16799999999999	90.3328
13	2	290	Symphonia	sp.1	S sp.1	S	1A	21.326762374313997	128.2862	0.3054	265.8	23.021	73.1838
13	2	300	Symphonia	globulifera	S globulifera	G	1B	23.07746674832485	115.5478	0.3804	215	28.7846	69.8554
13	2	301	Symphonia	globulifera	S globulifera	G	2B	32.785918276930474	105.6592	0.3714	266.2	15.479000000000001	62.8376
13	2	304	Symphonia	globulifera	S globulifera	G	5A	43.767609350271265	117.5904	0.3066	241.2	14.771	71.414
13	2	455	Eschweilera	squamata	E squamata	NA	2A	13.050705333535431	123.4426	0.3388	256.2	37.653999999999996	51.477
13	2	469	Symphonia	sp.1	S sp.1	G	2B	23.554931577600534	126.5912	0.3096	263.8	21.5886	76.3578
13	2	472	Symphonia	sp.1	S sp.1	G	3A	27.056340325622234	127.2464	0.3272	259	18.1284	69.6328
13	2	504	Symphonia	sp.1	S sp.1	G	1A	15.756339366097654	112.0536	0.3522	265.6	18.1708	84.1328
13	2	629	Symphonia	globulifera	S globulifera	G	5A	41.69859509007662	68.8306	0.341	480	32.18	76.9278
13	2	662	Symphonia	sp.1	S sp.1	G	3A	23.873241463784325	95.574	0.3495	324.75	16.700499999999998	65.7655
13	2	670	Symphonia	globulifera	S globulifera	G	5B	77.667612228845	76.17739999999999	0.35359999999999997	411.6	19.22	49.6354
13	2	709	Symphonia	sp.1	S sp.1	G	2B	13.050705333535431	107.68939999999999	0.34500000000000003	293.4	17.003600000000002	62.6682
13	2	714	Symphonia	globulifera	S globulifera	G	4A	42.01690497626041	99.7156	0.36519999999999997	289.4	18.8384	64.482
13	2	881	Eschweilera	pedicellata	E pedicellata	NA	4A	11.459155902616477	131.6808	0.3348	237	20.36	32.9394
13	2	883	Eschweilera	sagotiana	E sagotiana	NA	2A	13.369015219719222	66.8906	0.47659999999999997	310	90.296	103.0126
13	2	928	Symphonia	globulifera	S globulifera	G	4A	40.90282037461714	102.9102	0.33	347	36.9296	73.122
13	2	929	Symphonia	globulifera	S globulifera	G	3A	49.65634224467139	93.3674	0.3402	353.8	29.3286	68.2536
13	2	931	Symphonia	globulifera	S globulifera	G	3A	41.539440146984724	113.7746	0.2914	341.6	39.7038	60.5794
13	2	2819	Symphonia	globulifera	S globulifera	G	1A	12.414085561167848	110.0214	0.2574	376.8	51.9702	52.748400000000004
13	2	2894	Symphonia	globulifera	S globulifera	G	1B	12.254930618075953	139.9216	0.271	279	45.6084	61.1766
13	3	113	Symphonia	sp.1	S sp.1	S	4A	31.194368846011518	91.33840000000001	0.3622	337.4	11.241800000000001	76.9728
13	3	227	Eschweilera	sagotiana	E sagotiana	NA	4A	41.69859509007662	63.3618	0.4596	343.2	97.35000000000001	77.4588
13	3	392	Symphonia	sp.1	S sp.1	S	1B	34.059157821665636	118.26480000000001	0.31880000000000003	283.8	17.9256	73.9338
13	3	479	Symphonia	globulifera	S globulifera	G	4B	56.02253996834722	97.5708	0.3252	357.8	39.7844	68.9562
13	3	507	Eschweilera	pedicellata	E pedicellata	NA	2B	17.825353626292294	83.132	0.4944	236.6	37.574	58.8006
13	3	538	Symphonia	globulifera	S globulifera	G	4A	47.74648292756865	93.529	0.3304	344.4	25.0082	63.716
13	3	542	Symphonia	globulifera	S globulifera	G	3B	53.79437076506068	94.6584	0.3216	367.2	39.2734	51.6304
13	3	619	Eschweilera	sagotiana	E sagotiana	NA	5A	37.56056656968734	74.0332	0.4642	274	56.254	78.23780000000001
13	3	894	Eschweilera	coriacea	E coriacea	NA	1B	11.936620731892162	96.1824	0.504	205.8	115.784	75.8018
13	3	957	Eschweilera	sagotiana	E sagotiana	NA	3C	24.6690161792438	72.0314	0.42	315.8	154.364	82.8892
13	3	2805	Eschweilera	pedicellata	E pedicellata	NA	2B	11.618310845708372	91.3882	0.5132	222.2	38.048	65.2248
13	3	2888	Symphonia	sp.1	S sp.1	S	1A	14.005634992086804	143.3448	0.315	245.4	29.9486	61.3498
13	4	130	Eschweilera	sagotiana	E sagotiana	NA	3A	47.90563787066055	78.5044	0.4276	325.2	75.178	77.1586
13	4	149	Symphonia	sp.1	S sp.1	S	5A	39.78873577297387	74.7124	0.404	378.2	10.4914	74.972
13	4	153	Symphonia	sp.1	S sp.1	S	5A	39.15211600060629	93.304	0.3528	353	11.716	63.89
13	4	361	Symphonia	globulifera	S globulifera	SG	5B	40.74366543152525	106.0468	0.3518	280.6	18.8648	69.4796
13	4	659	Symphonia	sp.1	S sp.1	S	5A	50.61127190322277	87.0958	0.3932	322	11.8368	81.67
13	4	772	Eschweilera	sagotiana	E sagotiana	NA	2B	29.921129301276356	67.7782	0.45	334.8	68.378	60.174800000000005
13	4	806	Eschweilera	sagotiana	E sagotiana	NA	2B	21.645072260497788	51.2262	0.4698	448.6	48.534	85.1282
13	4	873	Eschweilera	sagotiana	E sagotiana	NA	3C	32.14929850456289	61.97	0.4376	366.4	49.356	84.7986
13	4	888	Eschweilera	sagotiana	E sagotiana	NA	3A	27.852115041081714	68.959	0.4134	353	80.684	59.7104
14	1	7	Symphonia	sp.1	S sp.1	S	4B	23.873241463784325	83.69839999999999	0.3772	365.6	16.729	92.0258
14	1	14	Symphonia	globulifera	S globulifera	G	5B	43.290144520995575	87.7552	0.3448	399	44.535199999999996	69.178
14	1	25	Symphonia	sp.1	S sp.1	S	2B	15.278874536821968	114.2798	0.379	257.6	17.1666	70.1918
14	1	87	Symphonia	sp.1	S sp.1	S	2B	23.554931577600534	127.27600000000001	0.3138	284.6	26.5568	70.57
14	1	221	Eschweilera	sagotiana	E sagotiana	NA	3C	40.58451048843335	60.385	0.4642	357.2	59.802	64.6068
14	1	361	Symphonia	globulifera	S globulifera	G	2B	24.509861236151906	86.509	0.358	354.5	37.667	85.3545
14	1	371	Symphonia	globulifera	S globulifera	G	5B	55.38592019597964	94.10340000000001	0.38	295	14.0532	66.4114
14	1	495	Symphonia	sp.1	S sp.1	S	3A	46.63239832592538	71.7072	0.3904	391.2	7.5884	80.9564
14	1	576	Symphonia	globulifera	S globulifera	G	5B	34.69577759403322	98.0832	0.3752	300.2	15.478	79.3352
14	1	585	Eschweilera	pedicellata	E pedicellata	NA	1B	15.756339366097654	130.7758	0.4498	189.6	25.804	64.6046
14	1	587	Symphonia	globulifera	S globulifera	G	5B	57.93239928544996	76.8248	0.353	415	36.08	83.0412
14	1	617	Eschweilera	coriacea	E coriacea	NA	2B	28.807044699633085	84.8556	0.4538	288.8	57.73	82.7418
14	1	771	Symphonia	sp.1	S sp.1	G	5B	50.61127190322277	60.4176	0.431	418.4	10.0242	90.8216
14	1	835	Eschweilera	sagotiana	E sagotiana	NA	3C	34.69577759403322	73.8574	0.413	358.2	109.47200000000001	77.3134
14	1	892	Eschweilera	decolorans	E decolorans	NA	1B	10.822536130248894	147.1748	0.3814	191.2	50.314	46.2094
14	1	2830	Symphonia	sp.1	S sp.1	G	2B	16.711269024649027	119.1358	0.28659999999999997	348.6	54.0922	73.7818
14	2	23	Eschweilera	pedicellata	E pedicellata	NA	1B	16.23380419537334	67.1978	0.4928	321.8	74.98	98.6646
14	2	66	Eschweilera	coriacea	E coriacea	NA	3B	21.326762374313997	105.282	0.4434	226.6	27.144000000000002	50.5214
14	2	67	Symphonia	globulifera	S globulifera	G	3B	37.56056656968734	59.4898	0.4168	447.2	12.027000000000001	71.904
14	2	87	Symphonia	sp.1	S sp.1	S	2A	31.512678732195308	65.7564	0.41100000000000003	442	16.2676	89.3096
14	2	220	Symphonia	sp.1	S sp.1	G	4B	36.12817208186028	99.4206	0.3708	307.6	13.5838	86.3084
14	2	318	Symphonia	globulifera	S globulifera	G	5A	59.20563883018512	90.647	0.40599999999999997	399.8	48.0334	86.873
14	2	388	Eschweilera	sagotiana	E sagotiana	NA	2B	20.371832715762626	70.6144	0.443	307.2	119.922	82.01480000000001
14	2	459	Symphonia	globulifera	S globulifera	G	5B	95.4929658551373	74.3134	0.3504	467.8	30.719199999999997	85.3318
14	2	475	Eschweilera	coriacea	E coriacea	NA	2C	25.78310078088707	96.7928	0.4724	233.8	63.898	60.7236
14	2	533	Eschweilera	sagotiana	E sagotiana	NA	3C	27.056340325622234	81.3078	0.5388	286.8	72.586	84.4684
14	2	660	Eschweilera	coriacea	E coriacea	NA	2A	28.96619964272498	68.457	0.46199999999999997	321.4	83.496	65.8734
14	2	785	Eschweilera	coriacea	E coriacea	NA	2B	23.07746674832485	60.5086	0.5104	329	94.292	97.2226
14	2	789	Eschweilera	coriacea	E coriacea	NA	2B	21.804227203589683	77.1376	0.4392	308.6	102.81	91.3756
14	2	832	Eschweilera	sagotiana	E sagotiana	NA	2A	40.90282037461714	68.8206	0.488	302.6	69.394	84.4608
14	2	860	Eschweilera	sagotiana	E sagotiana	NA	2B	25.14648100851949	65.8028	0.4298	374	66.42999999999999	60.3732
14	2	865	Eschweilera	sagotiana	E sagotiana	NA	3A	30.557749073643937	133.404	0.4126	290.2	171.72666666666666	72.1034
14	2	945	Eschweilera	sagotiana	E sagotiana	NA	2A	24.509861236151906	74.3362	0.4874	286.8	117.952	65.2838
14	2	946	Symphonia	globulifera	S globulifera	G	1A	14.642254764454385	121.3218	0.33140000000000003	258.2	17.360599999999998	62.9716
14	2	2842	Symphonia	sp.1	S sp.1	S	1B	12.095775674984058	116.1002	0.3176	296.8	21.34	74.643
14	2	2874	Symphonia	sp.1	S sp.1	S	3B	14.960564650638178	103.9162	0.37120000000000003	313.2	20.612	94.4362
14	2	2982	Symphonia	sp.1	S sp.1	S	1A	10.345071300973208	137.3674	0.2988	273.6	21.5242	79.0994
14	3	26	Eschweilera	coriacea	E coriacea	NA	3A	40.74366543152525	87.6764	0.4782	236.8	85.88	72.3098
14	3	138	Eschweilera	pedicellata	E pedicellata	NA	2A	19.576058000303146	153.75300000000001	0.4004	179	21.244	62.300399999999996
14	3	193	Eschweilera	sagotiana	E sagotiana	NA	4C	24.191551349968115	58.9052	0.4776	382.8	48.112	69.121
14	3	204	Symphonia	sp.1	S sp.1	S	3B	32.626763333838575	113.4538	0.339	297.4	27.1208	77.691
14	3	445	Symphonia	sp.1	S sp.1	G	4B	40.26620060224956	93.8146	0.314	384.2	43.191	59.7126
14	3	495	Eschweilera	sagotiana	E sagotiana	NA	4A	38.19718634205492	64.6674	0.4554	357.8	83.848	72.6568
14	3	663	Symphonia	sp.1	S sp.1	S	4A	33.104228163114264	106.6648	0.2928	380	51.4518	64.9368
14	3	772	Eschweilera	coriacea	E coriacea	NA	1B	17.029578910832818	123.058	0.438	198.4	74.574	58.4612
14	3	843	Eschweilera	sagotiana	E sagotiana	NA	2B	14.005634992086804	70.9978	0.476	326.6	66.3	76.18180000000001
14	3	900	Eschweilera	pedicellata	E pedicellata	NA	1B	12.73239544735164	127.4992	0.3886	206.8	61.106	58.6768
14	4	52	Symphonia	sp.1	S sp.1	S	5A	42.01690497626041	56.757400000000004	0.4218	457	12.34	71.573
14	4	212	Symphonia	sp.1	S sp.1	S	1A	10.822536130248894	139.0272	0.3038	279.2	21.8748	66.4754
14	4	249	Eschweilera	sagotiana	E sagotiana	NA	5A	39.15211600060629	72.15520000000001	0.4244	342.4	41.536	66.3486
14	4	263	Eschweilera	sagotiana	E sagotiana	NA	5A	49.3380323584876	45.171	0.5006	451.2	144.36	81.1818
14	4	340	Eschweilera	sagotiana	E sagotiana	NA	4A	32.785918276930474	52.2218	0.4708	405.6	73.666	104.6144
14	4	460	Symphonia	sp.1	S sp.1	S	4B	50.77042684631466	96.659	0.37	312.4	20.470399999999998	81.007
14	4	651	Symphonia	sp.1	S sp.1	S	4A	35.3323973664008	66.5778	0.4174	400.6	11.7194	82.3196
14	4	742	Eschweilera	sagotiana	E sagotiana	NA	1A	10.345071300973208	104.8942	0.3584	278.2	129.788	56.524
14	4	789	Eschweilera	sagotiana	E sagotiana	NA	4A	42.335214862444204	60.4082	0.4416	393	34.903999999999996	73.0834
14	4	828	Eschweilera	decolorans	E decolorans	NA	5B	47.10986315520107	92.2042	0.4616	235.2	56.506	75.5592
14	4	986	Eschweilera	collina	E collina	NA	1B	15.119719593730073	122.348	0.4502	201.4	57.702	81.6002
14	4	1000	Eschweilera	collina	E collina	NA	2B	14.48309982136249	90.2248	0.4838	229.8	64.454	84.4368
14	4	2569	Eschweilera	grandiflora	E grandiflora	NA	2A	12.095775674984058	74.80120000000001	0.4748	315.2	151.426	64.324
14	4	3034	Symphonia	sp.1	S sp.1	S	5B	10.504226244065103	137.3576	0.3368	302.4	18.9428	62.312200000000004
14	4	3065	Eschweilera	decolorans	E decolorans	NA	2A	10.822536130248894	109.0536	0.4162	222.2	67.224	65.1864
15	1	198	Symphonia	globulifera	S globulifera	G	NA	55.70423008216343	182.68720000000002	0.2046	305.8	37.9462	44.3578
15	1	560	Symphonia	globulifera	S globulifera	G	5B	65.41268161076906	84.3334	0.317	436.4	32.1388	65.161
15	1	575	Symphonia	globulifera	S globulifera	G	5B	67.004231041688	88.391	0.312	410.6	25.433799999999998	57.98225
15	1	637	Symphonia	globulifera	S globulifera	G	5B	43.767609350271265	90.8974	0.2816	464.8	27.5818	35.667
15	1	792	Eschweilera	micrantha	E micrantha	NA	1A	14.960564650638178	104.19725	0.508	136.25	80.8125	71.697
15	1	864	Eschweilera	sagotiana	E sagotiana	NA	2A	24.509861236151906	78.505	0.446	317.8	69.468	76.5084
15	1	2851	Eschweilera	collina	E collina	NA	1B	15.278874536821968	109.165	0.4516	237.8	49.897999999999996	76.39160000000001
15	1	2905	Eschweilera	parviflora	E parviflora	NA	1A	10.504226244065103	78.35249999999999	0.474	181.75	128.5125	80.84275
15	2	73	Symphonia	sp.1	S sp.1	G	3C	14.323944878270595	135.6314	0.3336	248.8	20.899	66.1812
15	2	192	Eschweilera	sagotiana	E sagotiana	NA	3C	24.98732606542759	63.4002	0.485	380.2	34.974000000000004	74.5722
15	2	263	Eschweilera	sagotiana	E sagotiana	NA	3A	19.576058000303146	45.6274	0.5264	438	44.852000000000004	79.353
15	2	304	Eschweilera	sagotiana	E sagotiana	NA	3	29.60281941509256	66.63380000000001	0.473	201.8	57.48	57.9684
15	2	408	Eschweilera	sagotiana	E sagotiana	NA	3C	27.374650211806024	75.39620000000001	0.448	333.6	79.138	60.454
15	2	441	Eschweilera	decolorans	E decolorans	NA	3A	21.645072260497788	64.0978	0.5946	328.8	88.354	67.974
15	2	457	Symphonia	sp.1	S sp.1	G	5A	32.785918276930474	104.8778	0.3492	307.6	19.3364	80.7428
15	2	530	Symphonia	sp.1	S sp.1	G	3C	16.074649252281446	127.7152	0.327	261.4	20	66.3874
15	2	769	Eschweilera	sagotiana	E sagotiana	NA	4C	38.67465117133061	62.2508	0.4394	253.6	67.804	74.1098
15	2	881	Eschweilera	decolorans	E decolorans	NA	4B	21.485917317405892	101.7052	0.4582	129	55.506	55.2812
15	2	932	Symphonia	sp.1	S sp.1	G	5A	44.24507417954695	93.9376	0.368	312	12.6814	76.5064
15	2	962	Eschweilera	sagotiana	E sagotiana	NA	2A	21.167607431222102	78.523	0.4092	244	48.086	56.7966
15	2	974	Symphonia	sp.1	S sp.1	S	5A	35.3323973664008	59.251799999999996	0.3938	470.6	8.045	73.3058
15	2	1025	Eschweilera	sagotiana	E sagotiana	NA	2C	15.119719593730073	68.2964	0.4318	271.6	50.566	65.759
15	2	1093	Symphonia	sp.1	S sp.1	S	5B	40.10704565915766	56.1608	0.4244	462.4	7.5974	76.617
15	2	1113	Symphonia	sp.1	S sp.1	S	1B	24.191551349968115	96.8914	0.357	316.8	16.4202	86.6502
15	2	1115	Eschweilera	sagotiana	E sagotiana	NA	4C	26.738030439438443	60.1222	0.4986	305.6	65.266	65.3762
15	2	2846	Symphonia	sp.1	S sp.1	S	4B	19.73521294339504	76.85940000000001	0.397	364.2	26.429	99.5162
15	2	2997	Symphonia	sp.1	S sp.1	S	2B	10.345071300973208	105.2968	0.327	335.8	15.968800000000002	71.1002
15	3	216	Eschweilera	sagotiana	E sagotiana	NA	4A	38.19718634205492	56.9212	0.5036	368.2	60.174	81.8982
15	3	247	Symphonia	sp.1	S sp.1	S	4C	29.921129301276356	86.1574	0.35	381.6	14.4432	82.344
15	3	248	Eschweilera	sagotiana	E sagotiana	NA	2A	24.6690161792438	76.407	0.448	303.2	140.242	78.9532
15	3	267	Symphonia	sp.1	S sp.1	S	4B	23.39577663450864	119.4396	0.3092	305.8	15.2246	89.0912
15	3	283	Eschweilera	sagotiana	E sagotiana	NA	5A	36.92394679731976	62.5338	0.523	331.2	92.91	90.0046
15	3	332	Eschweilera	sagotiana	E sagotiana	NA	1B	23.07746674832485	95.5348	0.4334	252.2	107.50200000000001	69.298
15	3	631	Eschweilera	collina	E collina	NA	2B	17.188733853924713	87.247	0.4454	251.4	50.348	68.3052
15	3	700	Eschweilera	coriacea	E coriacea	NA	2A	12.414085561167848	91.0542	0.5186000000000001	233.4	56.488	97.4442
15	3	966	Symphonia	sp.1	S sp.1	S	5B	41.539440146984724	71.7688	0.3752	420.4	11.7144	99.014
15	3	994	Eschweilera	sagotiana	E sagotiana	NA	4B	30.08028424436825	67.9004	0.4946	319.2	97.664	90.404
15	3	1044	Eschweilera	sagotiana	E sagotiana	NA	3C	31.8309886183791	72.3192	0.4492	297.6	82.58	82.2902
15	3	1106	Eschweilera	sagotiana	E sagotiana	NA	3A	22.28169203286537	63.496	0.47000000000000003	351.4	66.646	65.3238
15	3	1114	Eschweilera	sagotiana	E sagotiana	NA	2B	29.921129301276356	91.3138	0.41	265.6	72.674	65.42
15	3	1125	Symphonia	sp.1	S sp.1	S	3A	17.825353626292294	83.5068	0.3712	356.4	13.3034	85.617
15	3	2687	Eschweilera	decolorans	E decolorans	NA	2B	13.369015219719222	108.7202	0.44	205.4	46.236	63.760400000000004
15	3	2799	Eschweilera	decolorans	E decolorans	NA	2C	11.459155902616477	121.52499999999999	0.4318	195.6	69.482	76.6804
15	3	2830	Symphonia	sp.1	S sp.1	S	1A	10.822536130248894	124.5972	0.3202	279.6	18.3854	70.287
15	4	1	Symphonia	globulifera	S globulifera	G	5A	31.512678732195308	82.2204	0.3136	467.8	34.92	82.83800000000001
15	4	5	Eschweilera	wachenheimii	E wachenheimii	NA	1C	19.257748114119355	107.5428	0.5068	185	32.922	64.6464
15	4	13	Symphonia	sp.1	S sp.1	S	5A	28.64788975654119	75.4222	0.3752	394	12.851	106.0346
15	4	16	Eschweilera	decolorans	E decolorans	NA	2C	16.552114081557132	103.6218	0.4572	204.2	69.03	64.0696
15	4	40	Symphonia	sp.1	S sp.1	S	3A	31.990143561470994	82.7756	0.3662	374.6	19.811	88.285
15	4	147	Symphonia	sp.1	S sp.1	S	2B	19.09859317102746	94.5534	0.3786	330.2	17.552599999999998	89.5936
15	4	235	Symphonia	globulifera	S globulifera	G	5B	48.06479281375244	70.446	0.3326	497.8	26.8982	82.53659999999999
15	4	236	Eschweilera	wachenheimii	E wachenheimii	NA	2A	17.188733853924713	100.8202	0.4778	196.2	42.726	72.954
15	4	283	Eschweilera	sagotiana	E sagotiana	NA	3C	26.101410667070862	76.6246	0.47600000000000003	318.8	62.376	78.3644
15	4	286	Symphonia	sp.1	S sp.1	S	3A	23.07746674832485	92.89240000000001	0.377	321.2	15.4366	93.2324
15	4	547	Eschweilera	sagotiana	E sagotiana	NA	5B	31.194368846011518	52.513	0.4782	416	71.36200000000001	67.048
15	4	607	Eschweilera	sagotiana	E sagotiana	NA	3C	16.23380419537334	74.636	0.48619999999999997	323.6	100.378	62.120000000000005
15	4	613	Eschweilera	sagotiana	E sagotiana	NA	5A	25.78310078088707	50.8828	0.4946	406.6	48.222	69.553
15	4	664	Symphonia	globulifera	S globulifera	G	5B	45.518313724282116	108.4966	0.3058	348.2	40.315	83.028
15	4	938	Symphonia	globulifera	S globulifera	S	4B	27.056340325622234	98.548	0.3754	297.4	15.712200000000001	98.1748
15	4	1006	Eschweilera	sagotiana	E sagotiana	NA	3C	14.48309982136249	55.0248	0.4714	394.8	72.896	72.45
15	4	1094	Eschweilera	decolorans	E decolorans	NA	2A	14.323944878270595	105.7706	0.5006	206.6	49.26	83.4376
15	4	1098	Symphonia	globulifera	S globulifera	S	4B	28.01126998417361	78.1484	0.396	357.8	13.9298	95.7234
15	4	1118	Symphonia	sp.1	S sp.1	S	5A	36.12817208186028	86.3504	0.35760000000000003	368	11.1244	65.0464
15	4	1131	Eschweilera	collina	E collina	NA	3A	17.825353626292294	100.69800000000001	0.4738	239.4	48.474	80.839
16	1	115	Eschweilera	pedicellata	E pedicellata	NA	2A	15.278874536821968	110.7842	0.3772	179	104.032	54.3842
16	1	279	Eschweilera	pedicellata	E pedicellata	NA	3C	14.1647899351787	122.5344	0.4564	153.2	138.748	72.46940000000001
16	1	293	Symphonia	globulifera	S globulifera	S	2B	31.8309886183791	112.6816	0.341	287.6	14.7936	86.0314
16	1	297	Symphonia	globulifera	S globulifera	S	3A	21.485917317405892	109.0564	0.3272	290.4	19.1454	88.9054
16	1	330	Eschweilera	coriacea	E coriacea	NA	3C	21.804227203589683	99.8748	0.4446	169.6	94.83999999999999	73.3252
16	1	335	Eschweilera	coriacea	E coriacea	NA	2C	21.167607431222102	78.92320000000001	0.4724	206	89.184	79.6148
16	1	561	Eschweilera	wachenheimii	E wachenheimii	NA	3C	37.08310174041165	99.00675000000001	0.4925	171.75	25.0475	51.0435
16	1	2742	Eschweilera	coriacea	E coriacea	NA	2B	12.095775674984058	94.4412	0.38280000000000003	256.6	149.106	63.5108
16	1	2783	Symphonia	globulifera	S globulifera	S	1B	12.891550390443536	130.597	0.313	247.6	19.0616	55.1432
16	2	251	Eschweilera	wachenheimii	E wachenheimii	NA	4A	21.645072260497788	119.4852	0.4712	178	23.08	54.287
16	2	288	Eschweilera	coriacea	E coriacea	NA	4A	17.825353626292294	120.0364	0.4144	117.8	80.872	65.3238
16	2	537	Eschweilera	sagotiana	E sagotiana	NA	4C	40.10704565915766	67.613	0.4554	332	60.943999999999996	62.476
16	2	553	Eschweilera	coriacea	E coriacea	NA	3A	14.960564650638178	97.0356	0.4768	178.4	104.294	73.2814
16	2	572	Eschweilera	coriacea	E coriacea	NA	3A	17.825353626292294	62.092	0.6158	225	70.88	67.5348
16	3	29	Eschweilera	wachenheimii	E wachenheimii	NA	2A	19.894367886486936	114.6072	0.493	170	19.66	57.298
16	3	52	Eschweilera	coriacea	E coriacea	NA	2	11.777465788800267	98.8382	0.5686	159.4	95.16	89.0658
16	3	54	Eschweilera	coriacea	E coriacea	NA	5	47.74648292756865	85.80799999999999	0.4948	206.6	94.574	80.9846
16	3	175	Eschweilera	coriacea	E coriacea	NA	2	23.236621691416744	122.4428	0.4226	160.8	79.822	86.31139999999999
16	3	189	Eschweilera	coriacea	E coriacea	NA	1	10.185916357881313	113.7444	0.4556	182	34.406	69.774
16	3	214	Eschweilera	coriacea	E coriacea	NA	4B	39.47042588679008	87.33625	0.4685	187.5	99.97749999999999	62.8185
16	3	254	Eschweilera	coriacea	E coriacea	NA	3	19.09859317102746	111.815	0.4494	202.4	65.876	75.2358
16	3	260	Eschweilera	coriacea	E coriacea	NA	1	17.188733853924713	161.1862	0.31420000000000003	175	53.025999999999996	48.9794
16	3	262	Eschweilera	wachenheimii	E wachenheimii	NA	2	25.942255723978967	123.589	0.4484	137.8	29.674	60.6346
16	3	277	Eschweilera	coriacea	E coriacea	NA	4	33.422538049298055	120.5618	0.5424	186.4	106.928	91.9672
16	3	327	Eschweilera	coriacea	E coriacea	NA	4	33.422538049298055	132.7944	0.40399999999999997	128.2	91.52799999999999	92.6742
16	3	332	Symphonia	sp.1	S sp.1	S	3B	30.557749073643937	80.6786	0.3706	369.6	8.8912	101.214
16	3	376	Eschweilera	wachenheimii	E wachenheimii	NA	1	11.30000095952458	134.0006	0.4418	90.4	28.286	62.5722
16	3	402	Eschweilera	coriacea	E coriacea	NA	2B	14.005634992086804	105.098	0.4294	159.2	66.538	71.40559999999999
16	3	502	Eschweilera	wachenheimii	E wachenheimii	NA	2	24.191551349968115	81.2454	0.494	221.8	24.233999999999998	63.8764
16	3	512	Eschweilera	coriacea	E coriacea	NA	1A	18.621128341751774	102.984	0.4168	185.8	93.282	90.6784
16	3	2660	Eschweilera	sagotiana	E sagotiana	NA	2B	11.618310845708372	92.378	0.4042	237.8	120.928	70.7844
16	3	2687	Eschweilera	coriacea	E coriacea	NA	3B	12.095775674984058	106.149	0.4692	153.2	89.142	70.0752
16	4	343	Eschweilera	coriacea	E coriacea	NA	4	44.24507417954695	81.1244	0.4888	201	115.58800000000001	82.295
16	4	453	Eschweilera	coriacea	E coriacea	NA	4A	26.101410667070862	89.0206	0.4536	210.4	80.202	67.0898
16	4	489	Eschweilera	sagotiana	E sagotiana	NA	4C	55.067610309795846	80.1266	0.4806	226.6	51.724000000000004	57.9338
16	4	561	Eschweilera	coriacea	E coriacea	NA	1	31.8309886183791	89.21820000000001	0.4794	190	108.35	55.3866
16	5	54	Eschweilera	coriacea	E coriacea	NA	5	32.308453447654784	96.277	0.4382	200.2	75.488	92.3496
16	5	125	Eschweilera	sagotiana	E sagotiana	NA	5	61.752117919655454	82.0402	0.4472	197.6	87.584	102.182
16	5	199	Eschweilera	sagotiana	E sagotiana	NA	4A	51.24789167559035	93.609	0.4502	192.6	41.424	95.71340000000001
16	6	159	Eschweilera	sagotiana	E sagotiana	NA	4	46.1549334966497	93.8632	0.4558	182.6	88.294	78.4468
16	6	196	Eschweilera	coriacea	E coriacea	NA	2B	16.870423967740923	119.548	0.467	205.8	79.164	79.1132
16	6	229	Eschweilera	grandiflora_form2	E grandiflora_form2	NA	1A	13.84648004899491	111.716	0.44380000000000003	197.4	71.562	81.1048
16	6	260	Eschweilera	grandiflora_form2	E grandiflora_form2	NA	4A	32.46760839074668	75.17920000000001	0.488	178	56.56	81.767
16	6	370	Eschweilera	pedicellata	E pedicellata	NA	2A	19.894367886486936	93.674	0.3908	235	124.2125	71.8204
16	6	2662	Eschweilera	coriacea	E coriacea	NA	2B	14.005634992086804	138.1704	0.3942	142.8	133.15200000000002	66.6256
16	7	58	Eschweilera	coriacea	E coriacea	NA	4A	60.638033318012184	66.3092	0.4402	290.6	130.894	81.3656
16	7	185	Eschweilera	sagotiana	E sagotiana	NA	3C	13.369015219719222	117.9252	0.4572	137.2	61.474	70.074
16	7	2671	Eschweilera	coriacea	E coriacea	NA	2B	10.981691073340789	73.781	0.4884	239	90.47	72.3924
16	8	40	Eschweilera	coriacea	E coriacea	NA	4A	25.46479089470328	100.1964	0.42719999999999997	166.8	59.98	89.3264
16	8	85	Eschweilera	pedicellata	E pedicellata	NA	4B	22.60000191904916	67.1426	0.5116	243	43.622	116.6144
16	8	114	Eschweilera	coriacea	E coriacea	NA	3B	17.029578910832818	106.9816	0.3584	225.4	72.998	51.3036
16	8	120	Eschweilera	sagotiana	E sagotiana	NA	4B	14.642254764454385	98.871	0.4512	186.4	102.232	65.37
16	8	310	Eschweilera	pedicellata	E pedicellata	NA	2A	12.095775674984058	120.21860000000001	0.3878	161	93.25	77.4238
16	8	347	Eschweilera	coriacea	E coriacea	NA	4C	27.056340325622234	94.1254	0.4504	190.2	110.66	84.0398
16	8	352	Eschweilera	coriacea	E coriacea	NA	4B	24.6690161792438	130.7554	0.4316	151.4	104.766	53.279
16	8	396	Eschweilera	coriacea	E coriacea	NA	4B	27.69296009798982	108.6622	0.4494	164.4	68.67999999999999	73.913
16	8	421	Eschweilera	coriacea	E coriacea	NA	4C	46.79155326901728	91.251	0.4844	203.2	71.086	64.4962
16	8	433	Symphonia	sp.1	S sp.1	S	2B	18.302818455567984	123.5424	0.3284	262.2	8.4896	67.7582
16	8	479	Symphonia	sp.1	S sp.1	SG	3A	41.69859509007662	86.65899999999999	0.3656	305	17.346800000000002	74.03059999999999
16	8	491	Eschweilera	coriacea	E coriacea	NA	3B	19.09859317102746	108.4236	0.4274	177	118.382	68.6564
16	11	32	Symphonia	sp.1	S sp.1	S	2B	20.05352282957883	125.8416	0.3222	243.2	20.5284	89.5008
16	11	174	Symphonia	sp.1	S sp.1	S	1B	12.254930618075953	129.919	0.353	205	20.003800000000002	72.1346
16	11	225	Eschweilera	coriacea	E coriacea	NA	2A	28.3295798703574	110.3372	0.4514	189	99.97800000000001	73.8142
16	11	248	Symphonia	globulifera	S globulifera	S	2B	21.167607431222102	94.8176	0.3464	314.4	19.336	90.9376
16	11	380	Symphonia	globulifera	S globulifera	G	5B	57.93239928544996	98.3742	0.324	326.4	37.9818	67.8282
16	11	445	Symphonia	globulifera	S globulifera	G	5A	50.45211696013087	96.917	0.3584	309.8	35.8696	77.9872
16	11	545	Symphonia	globulifera	S globulifera	G	4B	20.371832715762626	97.9778	0.327	338.2	60.321600000000004	67.42660000000001
16	11	2734	Eschweilera	coriacea	E coriacea	NA	1B	12.254930618075953	94.9378	0.5402	196.4	198.672	68.223
16	12	6	Symphonia	globulifera	S globulifera	G	5B	51.56620156177414	91.4052	0.325	344.4	30.503400000000003	79.0986
16	12	7	Symphonia	globulifera	S globulifera	G	2B	16.870423967740923	134.97480000000002	0.2908	242.6	47.6154	64.5844
16	12	15	Eschweilera	coriacea	E coriacea	NA	4A	20.690142601946416	101.4534	0.4484	190	115.436	81.06099999999999
16	12	34	Eschweilera	coriacea	E coriacea	NA	4C	23.236621691416744	104.0382	0.4382	203.6	60.232	82.3806
16	12	105	Eschweilera	sagotiana	E sagotiana	NA	4A	32.785918276930474	82.48140000000001	0.5186000000000001	204.6	68.098	74.7838
16	12	111	Eschweilera	coriacea	E coriacea	NA	4C	19.09859317102746	100.326	0.4994	179.6	80.688	72.127
16	12	141	Eschweilera	coriacea	E coriacea	NA	4A	42.971834634811785	109.1548	0.4246	206.6	42.03	59.105599999999995
16	12	157	Eschweilera	coriacea	E coriacea	NA	4A	38.19718634205492	111.0412	0.4656	166.2	96.144	76.5558
16	12	173	Eschweilera	coriacea	E coriacea	NA	4C	41.69859509007662	102.25359999999999	0.4474	205.6	76.764	64.7422
16	12	191	Eschweilera	coriacea	E coriacea	NA	4C	26.738030439438443	85.1126	0.4894	210.8	50.826	72.9456
16	12	213	Eschweilera	sagotiana	E sagotiana	NA	4C	39.47042588679008	54.1762	0.5382	354.2	37.252	78.985
16	12	215	Eschweilera	sagotiana	E sagotiana	NA	4C	26.101410667070862	75.926	0.425	340.4	74.656	56.3544
16	12	269	Eschweilera	grandiflora_form2	E grandiflora_form2	NA	4A	40.10704565915766	93.6716	0.4664	216	66.196	74.99
16	12	272	Eschweilera	coriacea	E coriacea	NA	1A	15.91549430918955	119.34660000000001	0.3932	217.8	85.07600000000001	75.6186
16	12	284	Eschweilera	grandiflora_form2	E grandiflora_form2	NA	3C	31.194368846011518	93.7124	0.4704	198.2	106.276	69.3442
16	12	308	Eschweilera	coriacea	E coriacea	NA	3B	21.008452488130207	111.6068	0.44480000000000003	181.2	81.194	74.033
16	12	352	Eschweilera	grandiflora_form2	E grandiflora_form2	NA	2A	11.459155902616477	110.5878	0.4212	204.8	97.194	61.0964
16	12	357	Eschweilera	grandiflora_form2	E grandiflora_form2	NA	3C	20.84929754503831	108.9764	0.494	176.2	65.044	62.0706
16	12	391	Eschweilera	grandiflora_form2	E grandiflora_form2	NA	3A	19.73521294339504	99.0056	0.5098	195.4	100.044	91.8916
16	12	426	Eschweilera	coriacea	E coriacea	NA	2B	15.278874536821968	114.284	0.4354	196.8	46.246	47.6688
16	12	490	Eschweilera	pedicellata	E pedicellata	NA	3B	13.687325105903012	80.2416	0.471	263	104.452	116.9092
16	12	2669	Eschweilera	coriacea	E coriacea	NA	1B	14.323944878270595	130.4426	0.4044	186.6	86.98400000000001	60.163
16	15	43	Symphonia	globulifera	S globulifera	G	2B	19.73521294339504	106.8894	0.3018	304.8	56.4912	71.1798
16	15	2814	Symphonia	Indet.	S Indet.	SG	1A	10.981691073340789	166.1822	0.2886	180.8	23.4026	57.3222
16	16	391	Eschweilera	coriacea	E coriacea	NA	5A	28.3295798703574	85.37780000000001	0.449	267.8	80.058	78.09020000000001
16	16	508	Symphonia	globulifera	S globulifera	G	5B	66.68592115550422	77.4786	0.4102	294.6	14.9436	88.9926
16	17	210	Symphonia	globulifera	S globulifera	G	2B	15.91549430918955	129.804	0.332	212.8	20.1752	70.5178
16	17	227	Eschweilera	coriacea	E coriacea	NA	2A	14.80140970754628	125.08	0.426	186	124.318	65.3714
16	17	235	Symphonia	Indet.	S Indet.	G	5B	64.61690689530957	87.0804	0.4078	255	18.381	85.1912
16	17	246	Eschweilera	coriacea	E coriacea	NA	1A	10.185916357881313	116.7998	0.3972	213	73.634	73.6464
16	17	297	Eschweilera	coriacea	E coriacea	NA	3A	40.10704565915766	102.7078	0.4798	201.6	81.654	90.3928
16	17	315	Eschweilera	sagotiana	E sagotiana	NA	2B	22.60000191904916	61.7784	0.4812	339.8	107.664	84.1474
16	17	346	Eschweilera	coriacea	E coriacea	NA	3C	28.807044699633085	89.4482	0.4666	215.8	87.994	97.8146
16	17	357	Eschweilera	sagotiana	E sagotiana	NA	3B	32.626763333838575	81.7156	0.4114	314.8	44.384	79.901
16	17	369	Eschweilera	coriacea	E coriacea	NA	3A	20.212677772670727	114.2388	0.4838	184.4	103.898	68.56479999999999
16	17	386	Eschweilera	coriacea	E coriacea	NA	2A	10.504226244065103	148.4606	0.40700000000000003	167	62.428	64.9978
16	17	432	Eschweilera	grandiflora_form2	E grandiflora_form2	NA	4B	50.77042684631466	95.6454	0.4462	232.2	81.302	96.9508
16	17	449	Eschweilera	coriacea	E coriacea	NA	2B	16.870423967740923	112.4814	0.4558	184.4	75.31	88.4852
16	17	622	Symphonia	Indet.	S Indet.	G	4C	48.38310269993623	121.4452	0.3678	202.8	22.779	77.3006
16	18	7	Symphonia	sp.1	S sp.1	S	2B	31.512678732195308	108.0308	0.3332	250.6	12.455	78.6376
16	18	359	Eschweilera	grandiflora_form2	E grandiflora_form2	NA	3C	13.687325105903012	72.1346	0.5104	266.8	99.866	88.8138
16	18	421	Eschweilera	coriacea	E coriacea	NA	5B	45.83662361046591	101.6794	0.4912	201.8	110.64	82.1826
16	18	422	Eschweilera	sagotiana	E sagotiana	NA	3A	22.60000191904916	60.859	0.4714	358	67.152	82.1742
16	18	2679	Eschweilera	grandiflora_form2	E grandiflora_form2	NA	2A	12.73239544735164	49.5506	0.49720000000000003	357	149.348	98.2702
16	18	2715	Eschweilera	sagotiana	E sagotiana	NA	4A	15.597184423005759	67.283	0.4904	312.8	74.71	86.763
16	18	2793	Eschweilera	coriacea	E coriacea	NA	3C	13.687325105903012	94.8458	0.4436	231.8	115.652	80.3532
16	19	116	Eschweilera	grandiflora_form2	E grandiflora_form2	NA	2A	12.095775674984058	110.8314	0.4502	195	141.928	66.9064
16	19	132	Eschweilera	coriacea	E coriacea	NA	3B	33.422538049298055	101.754	0.5028	190.2	98.78800000000001	94.281
16	19	135	Eschweilera	grandiflora_form2	E grandiflora_form2	NA	2A	18.939438227935565	109.941	0.4542	202.2	115.456	80.033
16	19	154	Eschweilera	sagotiana	E sagotiana	NA	3A	28.96619964272498	86.3252	0.4116	295.6	76.736	68.41420000000001
16	19	491	Eschweilera	coriacea	E coriacea	NA	2A	14.960564650638178	142.566	0.6826	209.8	153.812	83.4518
16	19	497	Eschweilera	coriacea	E coriacea	NA	3C	11.618310845708372	121.3978	0.4244	225.2	29.61	84.504
16	19	2700	Eschweilera	pedicellata	E pedicellata	NA	2A	12.095775674984058	112.94	0.3796	229.8	98.944	66.0886
16	19	2762	Eschweilera	grandiflora_form2	E grandiflora_form2	NA	2C	12.095775674984058	99.7422	0.4254	223.2	102.762	73.3028
16	20	47	Symphonia	sp.1	S sp.1	S	1A	17.029578910832818	105.2626	0.3204	264.6	18.5088	90.84779999999999
16	21	43	Symphonia	globulifera	S globulifera	G	4A	27.374650211806024	96.411	0.3638	291.2	15.669400000000001	84.6646
16	21	45	Symphonia	globulifera	S globulifera	G	3A	20.690142601946416	100.7418	0.3744	257	18.8382	80.1026
16	21	46	Symphonia	globulifera	S globulifera	G	3A	19.73521294339504	134.005	0.321	216.2	17.9456	56.0104
16	21	126	Eschweilera	coriacea	E coriacea	NA	2C	20.371832715762626	84.94	0.5032	226.6	90.126	72.8326
16	21	144	Eschweilera	coriacea	E coriacea	NA	4C	63.98028712294199	72.0574	0.49420000000000003	249	75.886	59.547399999999996
16	21	161	Eschweilera	coriacea	E coriacea	NA	4C	32.626763333838575	73.188	0.4534	313.4	152.224	82.5712
16	21	170	Eschweilera	sagotiana	E sagotiana	NA	4B	32.626763333838575	56.8176	0.4976	361	68.29599999999999	79.7416
16	21	280	Eschweilera	coriacea	E coriacea	NA	3C	16.870423967740923	99.879	0.4662	199.6	119.918	68.7866
16	21	349	Eschweilera	coriacea	E coriacea	NA	1A	12.254930618075953	108.7736	0.4174	245.6	82.782	106.3978
16	21	421	Eschweilera	coriacea	E coriacea	NA	4C	49.01972247230381	117.18939999999999	0.4192	198.6	49.986	65.183
16	21	565	Symphonia	globulifera	S globulifera	G	5A	41.38028520389283	82.5844	0.3654	325.4	14.64	80.441
16	21	611	Symphonia	globulifera	S globulifera	G	5B	65.89014644004473	101.9558	0.3656	247	17.052599999999998	59.553399999999996
16	21	633	Eschweilera	sagotiana	E sagotiana	NA	4A	36.12817208186028	52.6954	0.4898	414.4	73.79599999999999	87.3214
16	21	2690	Symphonia	globulifera	S globulifera	G	4A	33.104228163114264	87.9092	0.4026	266	14.913	81.8214
16	21	2726	Eschweilera	coriacea	E coriacea	NA	2B	11.618310845708372	137.0992	0.414	174.4	100.518	73.144
16	22	35	Symphonia	globulifera	S globulifera	G	5B	50.61127190322277	87.6322	0.3748	290.2	15.0734	83.907
16	22	135	Eschweilera	coriacea	E coriacea	NA	4C	42.971834634811785	106.0606	0.474	184.4	76.82600000000001	89.3382
16	22	263	Eschweilera	coriacea	E coriacea	NA	2B	25.942255723978967	72.1508	0.4952	281.4	72.772	80.4036
16	22	266	Eschweilera	coriacea	E coriacea	NA	3C	23.39577663450864	99.9328	0.4418	220.8	133.172	78.35560000000001
16	22	285	Eschweilera	coriacea	E coriacea	NA	3C	14.005634992086804	132.3236	0.4124	178	65.846	77.36099999999999
16	22	311	Eschweilera	sagotiana	E sagotiana	NA	4B	73.21127382227193	66.862	0.4854	354	31.986	73.7286
16	22	321	Eschweilera	coriacea	E coriacea	NA	2A	14.1647899351787	101.682	0.4762	197.4	79.93	80.9684
16	22	348	Eschweilera	sagotiana	E sagotiana	NA	1B	15.91549430918955	125.924	0.4032	189.6	77.854	64.3736
16	22	368	Eschweilera	coriacea	E coriacea	NA	3C	30.239439187460146	102.9352	0.4148	221	85.78999999999999	79.8972
16	22	424	Eschweilera	sagotiana	E sagotiana	NA	2A	16.074649252281446	84.866	0.4146	283	111.426	74.5416
16	22	493	Eschweilera	coriacea	E coriacea	NA	3C	33.422538049298055	79.4944	0.4458	290.2	138.782	63.7136
16	22	2758	Eschweilera	coriacea	E coriacea	NA	3A	10.504226244065103	117.7674	0.4668	172.8	122.11	81.6704
16	22	2787	Symphonia	Indet.	S Indet.	G	1B	12.095775674984058	151.083	0.262	254.8	57.1964	60.7904
16	23	45	Eschweilera	coriacea	E coriacea	NA	3C	31.671833675287203	89.7786	0.5056	238.4	81.622	87.477
16	23	119	Eschweilera	sagotiana	E sagotiana	NA	4B	55.38592019597964	75.7398	0.42	328.4	96.202	91.283
16	23	367	Eschweilera	sagotiana	E sagotiana	NA	2A	20.690142601946416	93.1014	0.4142	288.2	108.272	53.8158
16	23	426	Symphonia	sp.1	S sp.1	S	4A	24.6690161792438	74.1738	0.42919999999999997	277.6	21.890800000000002	99.1136
16	23	439	Symphonia	sp.1	S sp.1	SG	3A	40.10704565915766	101.241	0.37	267.4	12.667	101.3724
16	23	441	Symphonia	sp.1	S sp.1	S	2B	34.059157821665636	122.33	0.321	221.6	28.3202	61.2814
16	23	494	Eschweilera	coriacea	E coriacea	NA	2A	26.419720553254653	93.08840000000001	0.4002	291.2	69.784	62.983000000000004
16	23	548	Eschweilera	coriacea	E coriacea	NA	2A	12.891550390443536	124.4884	0.423	182.2	142.224	52.9302
16	24	11	Symphonia	sp.1	S sp.1	S	1A	14.323944878270595	130.7952	0.3304	208.6	21.3862	70.7048
16	24	20	Symphonia	sp.1	S sp.1	S	5B	42.653524748627994	58.154199999999996	0.4064	441.6	11.0162	86.0204
16	24	390	Eschweilera	coriacea	E coriacea	NA	3A	32.46760839074668	82.2732	0.467	279.6	49.604	65.0002
16	24	408	Symphonia	sp.1	S sp.1	S	3A	37.40141162659544	99.396	0.3774	257.4	18.6214	99.2392
16	24	525	Eschweilera	coriacea	E coriacea	NA	4A	32.46760839074668	96.5066	0.49219999999999997	210	104.422	71.16420000000001
16	24	545	Eschweilera	sagotiana	E sagotiana	NA	2B	19.257748114119355	72.5418	0.4306	351.8	97.804	83.1236
16	24	2698	Symphonia	sp.1	S sp.1	S	1A	17.507043740108504	122.7402	0.3312	215.6	14.9022	76.2868
16	25	183	Eschweilera	sagotiana	E sagotiana	NA	3C	40.74366543152525	70.758	0.4546	315.4	83.942	75.226
16	25	409	Eschweilera	grandiflora_form2	E grandiflora_form2	NA	3A	19.09859317102746	93.916	0.4522	223.8	93.712	70.18860000000001
16	25	478	Eschweilera	coriacea	E coriacea	NA	3A	19.894367886486936	106.4272	0.4974	205.4	168.452	74.2136
